,sample,latitude,longitude,date,time_botto,site,location,visibility,image,fov_Limite,fov_Open,mean_relie,sd_relief,broad_Cons,broad_Macr,broad_Seag,broad_Spon,broad_Ston,broad_Unco,broad_Unkn,Total_Sum,Total_adj,Class,geometry,kndavi,Cluster
94,C711,-31.53386333,115.5450067,9/04/2021,07:15:05,Two Rocks,Perth,Good,Bottom,0.0,100.0,3.0,0.0,0.0,100.0,0.0,0.0,0.0,0.0,10.0,68.0,62.0,SAV,POINT (115.5450067 -31.53386333),0.13317313759937655,0
95,C723,-31.53924667,115.5402217,9/04/2021,07:24:53,Two Rocks,Perth,Moderate,Bottom,0.0,100.0,1.04761904761905,0.215540268704521,0.0,33.0,0.0,0.0,0.0,67.0,0.0,67.0,67.0,Sand,POINT (115.5402217 -31.53924667),0.3528086428755719,1
96,C754,-31.54712167,115.5457667,9/04/2021,07:35:09,Two Rocks,Perth,Moderate,Bottom,0.0,100.0,2.02564102564103,1.01273936708367,0.0,73.0,0.0,0.0,0.0,27.0,6.0,75.0,71.0,Sand,POINT (115.5457667 -31.54712167),0.14614293015162924,0
97,C738,-31.54648,115.5556417,9/04/2021,07:44:55,Two Rocks,Perth,Good,Bottom,0.0,100.0,2.02222222222222,0.398228400024231,0.0,94.0,0.0,0.0,0.0,6.0,6.0,70.0,66.0,SAV,POINT (115.5556417 -31.54648),0.23683306470142393,0
98,C722,-31.560155,115.5747767,9/04/2021,07:58:54,Two Rocks,Perth,Moderate,Bottom,0.0,100.0,3.48275862068966,0.599455288131016,0.0,100.0,0.0,0.0,0.0,0.0,0.0,74.0,74.0,SAV,POINT (115.5747767 -31.560155),0.12452610330863478,0
99,C710,-31.56831667,115.5799283,9/04/2021,08:09:49,Two Rocks,Perth,Moderate,Bottom,0.0,100.0,0.0,0.0,0.0,0.0,0.0,0.0,0.0,100.0,0.0,74.0,74.0,Sand,POINT (115.5799283 -31.56831667),0.20582646034076738,1
100,C736,-31.57767167,115.5884667,9/04/2021,08:20:13,Two Rocks,Perth,Good,Bottom,1.25,98.75,0.108108108108108,0.314800093867678,0.0,0.0,0.0,0.0,0.0,100.0,1.0,70.0,69.0,Sand,POINT (115.5884667 -31.57767167),0.14614293015162924,1
101,C740,-31.54231833,115.5947067,9/04/2021,08:38:14,Two Rocks,Perth,Good,Bottom,0.0,100.0,0.175,0.384807644254793,0.0,0.0,0.0,0.0,0.0,100.0,0.0,66.0,66.0,Sand,POINT (115.5947067 -31.54231833),0.35666221362196837,1
102,C724,-31.54873667,115.5953233,9/04/2021,08:46:45,Two Rocks,Perth,Good,Bottom,0.0,100.0,0.075,0.266746782836918,0.0,0.0,0.0,0.0,0.0,100.0,0.0,66.0,66.0,Sand,POINT (115.5953233 -31.54873667),0.6104799644732345,1
103,C712,-31.55413167,115.60013,9/04/2021,08:55:23,Two Rocks,Perth,Good,Bottom,0.0,100.0,0.05,0.220721427863152,0.0,0.0,0.0,0.0,0.0,100.0,0.0,65.0,65.0,Sand,POINT (115.60013 -31.55413167),0.4656898248924831,1
104,C752,-31.56798167,115.6049867,9/04/2021,09:07:29,Two Rocks,Perth,Good,Bottom,0.0,100.0,0.025,0.158113883008419,0.0,0.0,0.0,0.0,0.0,100.0,0.0,65.0,65.0,Sand,POINT (115.6049867 -31.56798167),0.38490087499991094,1
105,C743,-31.58050833,115.6363183,9/04/2021,09:22:55,Two Rocks,Perth,Moderate,Bottom,1.25,98.75,0.025,0.158113883008419,0.0,0.0,0.0,0.0,0.0,100.0,1.0,68.0,67.0,Sand,POINT (115.6363183 -31.58050833),0.9171216634725087,1
106,C720,-31.56445333,115.61741,9/04/2021,09:44:10,Two Rocks,Perth,Moderate,Bottom,0.0,100.0,1.05,0.220721427863152,0.0,47.0,0.0,0.0,0.0,53.0,5.0,58.0,55.0,Sand,POINT (115.61741 -31.56445333),0.22355860135014444,1
107,C732,-31.55850922,115.6184858,9/04/2021,09:51:57,Two Rocks,Perth,Moderate,Bottom,0.0,100.0,0.0,0.0,0.0,0.0,0.0,0.0,0.0,100.0,0.0,53.0,53.0,Sand,POINT (115.6184858 -31.55850922),0.5912087375447859,1
108,C748,-31.54651833,115.6119417,9/04/2021,10:02:19,Two Rocks,Perth,Moderate,Bottom,0.0,100.0,0.342857142857143,0.481593991977935,0.0,2.0,0.0,0.0,0.0,98.0,0.0,58.0,58.0,Sand,POINT (115.6119417 -31.54651833),0.3075091251423341,1
109,C728,-31.54438333,115.60718,9/04/2021,10:09:41,Two Rocks,Perth,Moderate,Bottom,0.0,100.0,2.81578947368421,0.392859452063192,0.0,0.0,91.0,0.0,0.0,9.0,13.0,53.0,47.0,SAV,POINT (115.60718 -31.54438333),0.16609698184447833,0
110,C716,-31.53674,115.60527,9/04/2021,10:18:30,Two Rocks,Perth,Moderate,Bottom,0.0,100.0,1.71698113207547,1.37808895674919,0.0,44.0,0.0,0.0,0.0,56.0,3.0,66.0,64.0,Sand,POINT (115.60527 -31.53674),0.6047283023735487,1
111,C747,-31.51033167,115.5872167,9/04/2021,10:48:17,Two Rocks,Perth,Moderate,Bottom,0.0,100.0,2.82352941176471,0.386952994975947,0.0,55.0,30.0,0.0,0.0,15.0,145.0,49.0,20.0,SAV,POINT (115.5872167 -31.51033167),0.645770109668455,0
112,C741,-31.503385,115.5687783,9/04/2021,10:59:53,Two Rocks,Perth,Moderate,Bottom,0.0,100.0,3.0,0.0,0.0,96.0,0.0,4.0,0.0,0.0,13.0,61.0,54.0,SAV,POINT (115.5687783 -31.503385),0.16002359358299373,0
113,C726,-31.51470333,115.568525,9/04/2021,11:09:45,Two Rocks,Perth,Moderate,Bottom,0.0,100.0,3.0,0.0,0.0,100.0,0.0,0.0,0.0,0.0,0.0,64.0,64.0,SAV,POINT (115.568525 -31.51470333),0.08786043932313457,0
114,C703,-31.52900333,115.5784283,9/04/2021,11:21:09,Two Rocks,Perth,Moderate,Bottom,0.0,100.0,0.24390243902439,0.434769352926241,0.0,13.0,0.0,0.0,0.0,87.0,0.0,55.0,55.0,Sand,POINT (115.5784283 -31.52900333),0.36828585959645493,1
115,C731,-31.53722333,115.5718517,9/04/2021,11:31:00,Two Rocks,Perth,Moderate,Bottom,0.0,100.0,3.0,0.0,0.0,100.0,0.0,0.0,0.0,0.0,43.0,67.0,47.0,SAV,POINT (115.5718517 -31.53722333),0.15162562887907768,0
116,C742,-31.533715,115.5570117,9/04/2021,11:41:49,Two Rocks,Perth,Good,Bottom,0.0,100.0,0.025,0.158113883008419,0.0,0.0,0.0,0.0,0.0,100.0,0.0,71.0,71.0,Sand,POINT (115.5570117 -31.533715),0.2166348299501907,1
117,C755,-31.52319667,115.5452917,9/04/2021,11:51:55,Two Rocks,Perth,Moderate,Bottom,1.31578947368421,98.6842105263158,3.05454545454545,0.229183883650776,8.0,92.0,0.0,0.0,0.0,0.0,3.0,67.0,65.0,SAV,POINT (115.5452917 -31.52319667),0.15649922785442347,0
118,C707,-31.529715,115.5293633,9/04/2021,12:04:46,Two Rocks,Perth,Moderate,Bottom,0.0,100.0,1.175,0.957761813974483,0.0,30.0,0.0,0.0,0.0,70.0,2.0,62.0,61.0,Sand,POINT (115.5293633 -31.529715),0.10282200937600623,1
119,C735,-31.5206,115.5243133,9/04/2021,12:14:24,Two Rocks,Perth,Good,Bottom,1.25,98.75,1.07317073170732,0.411718587292281,0.0,43.0,0.0,0.0,0.0,57.0,4.0,56.0,54.0,Sand,POINT (115.5243133 -31.5206),0.1305825221406169,1
120,C739,-31.515455,115.5342567,9/04/2021,12:31:35,Two Rocks,Perth,Good,Bottom,0.0,100.0,3.0,0.0,0.0,100.0,0.0,0.0,0.0,0.0,0.0,74.0,74.0,SAV,POINT (115.5342567 -31.515455),0.22849998187963694,0
121,C709,-31.50301333,115.5411833,9/04/2021,12:41:51,Two Rocks,Perth,Good,Bottom,0.0,100.0,0.9,0.632455532033676,0.0,20.0,0.0,0.0,0.0,80.0,0.0,64.0,64.0,Sand,POINT (115.5411833 -31.50301333),0.3139971030053904,1
122,C721,-31.49971,115.5352067,9/04/2021,12:50:00,Two Rocks,Perth,Good,Bottom,1.23456790123457,98.7654320987654,0.0,0.0,0.0,0.0,0.0,0.0,0.0,100.0,1.0,77.0,76.0,Sand,POINT (115.5352067 -31.49971),0.4345475027874341,1
123,C713,-31.49556,115.557625,9/04/2021,13:02:04,Two Rocks,Perth,Moderate,Bottom,0.0,100.0,1.97435897435897,1.13525280020701,9.0,21.0,0.0,0.0,0.0,70.0,11.0,59.0,53.0,Sand,POINT (115.557625 -31.49556),0.20582646034076738,1
124,C725,-31.48859,115.561305,9/04/2021,13:10:33,Two Rocks,Perth,Moderate,Bottom,0.0,100.0,3.0,0.0,0.0,46.0,54.0,0.0,0.0,0.0,44.0,56.0,39.0,SAV,POINT (115.561305 -31.48859),0.26340911778205034,0
125,C702,-31.48340167,115.5683167,9/04/2021,13:18:53,Two Rocks,Perth,Moderate,Bottom,0.0,100.0,1.15,1.16684980247608,0.0,24.0,0.0,0.0,0.0,76.0,27.0,62.0,49.0,Sand,POINT (115.5683167 -31.48340167),0.37023189988286537,1
126,C730,-31.48399333,115.5715617,9/04/2021,13:26:41,Two Rocks,Perth,Moderate,Bottom,0.0,100.0,0.2,0.410391340834062,0.0,2.0,0.0,0.0,0.0,98.0,0.0,52.0,52.0,Sand,POINT (115.5715617 -31.48399333),0.3356081371994081,1
127,C757,-31.46927833,115.5570783,9/04/2021,13:38:37,Two Rocks,Perth,Moderate,Bottom,0.0,100.0,3.0,0.0,0.0,100.0,0.0,0.0,0.0,0.0,0.0,68.0,68.0,SAV,POINT (115.5570783 -31.46927833),0.03192666233641127,0
128,C746,-31.46683833,115.54673,9/04/2021,13:49:11,Two Rocks,Perth,Moderate,Bottom,0.0,100.0,3.0,0.0,3.0,97.0,0.0,0.0,0.0,0.0,59.0,59.0,37.0,SAV,POINT (115.54673 -31.46683833),0.1431000531036162,0
129,C753,-31.46375167,115.5608983,9/04/2021,14:00:09,Two Rocks,Perth,Moderate,Bottom,0.0,100.0,3.0,0.0,0.0,6.0,94.0,0.0,0.0,0.0,94.0,66.0,34.0,SAV,POINT (115.5608983 -31.46375167),0.44859169747124555,0
130,C718,-31.44883667,115.5312767,9/04/2021,14:28:39,Two Rocks,Perth,Moderate,Bottom,0.0,100.0,2.41860465116279,0.731357450861227,0.0,69.0,0.0,0.0,0.0,31.0,9.0,70.0,64.0,Sand,POINT (115.5312767 -31.44883667),0.2461370228272037,0
131,C734,-31.46276667,115.5218417,9/04/2021,14:41:31,Two Rocks,Perth,Moderate,Bottom,0.0,100.0,2.06666666666667,1.30384048104053,0.0,53.0,0.0,9.0,0.0,39.0,0.0,70.0,70.0,Sand,POINT (115.5218417 -31.46276667),0.5265221424869475,1
132,C750,-31.467885,115.51719,9/04/2021,14:50:25,Two Rocks,Perth,Moderate,Bottom,0.0,100.0,3.25,0.436435780471985,0.0,100.0,0.0,0.0,0.0,0.0,3.0,76.0,74.0,SAV,POINT (115.51719 -31.467885),0.18796048911836277,0
133,C701,-31.47251,115.5302217,9/04/2021,15:00:50,Two Rocks,Perth,Good,Bottom,0.0,100.0,0.05,0.220721427863152,0.0,0.0,0.0,0.0,0.0,100.0,0.0,63.0,63.0,Sand,POINT (115.5302217 -31.47251),0.4195556821783078,1
134,C705,-31.47656167,115.5308933,9/04/2021,15:09:49,Two Rocks,Perth,Moderate,Bottom,1.25,98.75,3.0,0.0,0.0,100.0,0.0,0.0,0.0,0.0,21.0,47.0,39.0,SAV,POINT (115.5308933 -31.47656167),0.049911409068103346,0
135,C745,-31.48099667,115.5329183,9/04/2021,15:17:46,Two Rocks,Perth,Moderate,Bottom,0.0,100.0,3.0,0.0,0.0,100.0,0.0,0.0,0.0,0.0,0.0,65.0,65.0,SAV,POINT (115.5329183 -31.48099667),0.08260956335828501,0
136,C715,-31.478775,115.5111017,9/04/2021,15:29:19,Two Rocks,Perth,Moderate,Bottom,0.0,100.0,0.80952380952381,0.916996561902623,0.0,4.0,0.0,0.0,0.0,96.0,13.0,77.0,68.0,Sand,POINT (115.5111017 -31.478775),0.08732825369363412,1
137,C729,-31.484735,115.5177417,9/04/2021,15:38:10,Two Rocks,Perth,Moderate,Bottom,0.0,100.0,3.0,0.0,0.0,100.0,0.0,0.0,0.0,0.0,31.0,47.0,36.0,SAV,POINT (115.5177417 -31.484735),0.11402947406737314,0
138,C733,-31.49068167,115.5116317,9/04/2021,15:47:38,Two Rocks,Perth,Moderate,Bottom,0.0,100.0,0.933333333333333,0.253708131702462,0.0,26.0,0.0,0.0,0.0,74.0,0.0,50.0,50.0,Sand,POINT (115.5116317 -31.49068167),0.2478438258186153,1
139,C727,-31.49454,115.5038817,9/04/2021,15:57:51,Two Rocks,Perth,Moderate,Bottom,0.0,100.0,2.1,0.758855762952036,0.0,76.0,0.0,0.0,0.0,24.0,7.0,44.0,41.0,Sand,POINT (115.5038817 -31.49454),0.25428513868461994,0
140,C717,-31.50036667,115.5157517,9/04/2021,16:08:12,Two Rocks,Perth,Moderate,Bottom,0.0,100.0,0.133333333333333,0.34574590364176,0.0,0.0,0.0,0.0,0.0,100.0,0.0,66.0,66.0,Sand,POINT (115.5157517 -31.50036667),0.34992567014088527,1
141,C749,-31.49722,115.5385983,9/04/2021,16:20:57,Two Rocks,Perth,Moderate,Bottom,1.66666666666667,98.3333333333333,1.33333333333333,1.02833421822276,0.0,53.0,0.0,0.0,0.0,47.0,4.0,49.0,47.0,Sand,POINT (115.5385983 -31.49722),0.14614293015162924,1
142,C844,-31.10292833,115.3385367,10/04/2021,07:06:52,Lancelin,,Good,Top,0.0,100.0,2.80327868852459,0.542207590354701,0.0,100.0,0.0,0.0,0.0,0.0,4.0,72.0,69.0,SAV,POINT (115.3385367 -31.10292833),0.047143546256378295,0
143,C821,-31.09676667,115.3312033,10/04/2021,07:16:17,Lancelin,,Good,Top,0.0,100.0,3.0,0.0,0.0,100.0,0.0,0.0,0.0,0.0,4.0,75.0,72.0,SAV,POINT (115.3312033 -31.09676667),0.05122741977202527,0
144,C860,-31.092555,115.3248317,10/04/2021,07:24:17,Lancelin,,Good,Top,0.0,100.0,3.0,0.0,0.0,100.0,0.0,0.0,0.0,0.0,0.0,71.0,71.0,SAV,POINT (115.3248317 -31.092555),0.09592392501383791,0
145,C836,-31.08121833,115.3101617,10/04/2021,07:36:51,Lancelin,,Moderate,Top,0.0,100.0,2.98,0.14142135623731,0.0,99.0,0.0,0.0,0.0,1.0,19.0,80.0,67.0,SAV,POINT (115.3101617 -31.08121833),0.09527053734319837,0
146,C841,-31.06847167,115.3153183,10/04/2021,07:47:56,Lancelin,,Good,Top,0.0,100.0,0.0,0.0,0.0,0.0,0.0,0.0,0.0,100.0,0.0,71.0,71.0,Sand,POINT (115.3153183 -31.06847167),0.22432757098348943,1
147,C856,-31.047195,115.30472,10/04/2021,08:03:00,Lancelin,,Good,Top,0.0,100.0,0.866666666666667,0.342803331800882,0.0,21.0,0.0,0.0,0.0,79.0,31.0,80.0,61.0,Sand,POINT (115.30472 -31.047195),0.31537915951002427,1
148,C852,-31.03603,115.2965117,10/04/2021,08:13:40,Lancelin,,Good,Top,0.0,100.0,0.096153846153846,0.297678296192606,0.0,13.0,0.0,0.0,0.0,87.0,0.0,76.0,76.0,Sand,POINT (115.2965117 -31.03603),0.1534187146649926,1
149,C840,-31.02772333,115.2818633,10/04/2021,08:26:34,Lancelin,,Moderate,Top,0.0,100.0,2.88235294117647,0.431140757689616,0.0,97.0,0.0,1.0,0.0,1.0,7.0,72.0,67.0,SAV,POINT (115.2818633 -31.02772333),0.03326652303280245,0
150,C809,-31.02825167,115.29123,10/04/2021,08:39:07,Lancelin,,Moderate,Top,0.0,100.0,1.88,0.328260722659316,0.0,80.0,0.0,0.0,0.0,20.0,15.0,75.0,65.0,Sand,POINT (115.29123 -31.02825167),0.1043869442724107,0
151,C824,-31.03139333,115.3015783,10/04/2021,08:51:33,Lancelin,,Moderate,Top,0.0,100.0,0.314814814814815,0.77274502309609,0.0,1.0,0.0,0.0,0.0,99.0,0.0,79.0,79.0,Sand,POINT (115.3015783 -31.03139333),0.16902824596919383,1
152,C845,-31.04238,115.3196483,10/04/2021,09:08:45,Lancelin,,Moderate,Top,0.0,100.0,2.94,0.239897937482095,0.0,96.0,0.0,0.0,0.0,4.0,0.0,75.0,75.0,SAV,POINT (115.3196483 -31.04238),0.17332547580726634,0
153,C857,-31.06628333,115.3314983,10/04/2021,09:20:45,Lancelin,,Moderate,Top,0.0,100.0,2.5,0.92973478995949,0.0,100.0,0.0,0.0,0.0,0.0,6.0,74.0,70.0,SAV,POINT (115.3314983 -31.06628333),0.1432229923128983,0
154,C833,-31.08288667,115.3407883,10/04/2021,09:39:54,Lancelin,,Moderate,Top,0.0,100.0,2.97777777777778,0.149071198499986,0.0,100.0,0.0,0.0,0.0,0.0,14.0,74.0,65.0,SAV,POINT (115.3407883 -31.08288667),0.12604551148493362,0
155,C849,-31.09109167,115.3512467,10/04/2021,09:53:21,Lancelin,,Moderate,Top,0.0,100.0,0.0,0.0,0.0,0.0,0.0,0.0,0.0,100.0,0.0,80.0,80.0,Sand,POINT (115.3512467 -31.09109167),0.26566376233416517,1
156,C828,-31.096465,115.3556117,10/04/2021,10:03:43,Lancelin,,Moderate,Top,0.0,100.0,0.15,0.36162028533979,0.0,0.0,0.0,0.0,0.0,100.0,10.0,80.0,73.0,Sand,POINT (115.3556117 -31.096465),0.26428832376692685,1
157,C806,-31.08655333,115.3583333,10/04/2021,13:39:50,Lancelin,,Moderate,Top,0.0,100.0,3.0,0.0,0.0,100.0,0.0,0.0,0.0,0.0,13.0,60.0,53.0,SAV,POINT (115.3583333 -31.08655333),0.4746186631424277,0
158,C814,-31.05439667,115.3356133,10/04/2021,11:11:07,Lancelin,,Moderate,Top,0.0,100.0,2.38636363636364,0.920462701918811,2.0,95.0,0.0,0.0,0.0,3.0,0.0,66.0,66.0,SAV,POINT (115.3356133 -31.05439667),0.2456531366560325,0
159,C810,-31.05027653,115.3363025,10/04/2021,11:18:57,Lancelin,,Moderate,Top,0.0,100.0,3.0,0.0,0.0,100.0,0.0,0.0,0.0,0.0,12.0,64.0,57.0,SAV,POINT (115.3363025 -31.05027653),0.2739718297114396,0
160,C837,-31.04435833,115.33887,10/04/2021,11:32:11,Lancelin,,Moderate,Top,0.0,100.0,2.74193548387097,0.575484835333586,0.0,0.0,83.0,0.0,0.0,17.0,90.0,78.0,41.0,SAV,POINT (115.33887 -31.04435833),0.9933517733392846,0
161,C861,-31.02742,115.3203833,10/04/2021,12:06:30,Lancelin,,Moderate,Top,0.0,100.0,3.0,0.0,0.0,100.0,0.0,0.0,0.0,0.0,40.0,66.0,47.0,SAV,POINT (115.3203833 -31.02742),0.0017242996858066924,0
162,C832,-31.01125833,115.3174817,10/04/2021,12:22:18,Lancelin,,Moderate,Top,0.0,100.0,2.93877551020408,0.242226070825902,0.0,99.0,0.0,0.0,0.0,1.0,4.0,74.0,71.0,SAV,POINT (115.3174817 -31.01125833),0.25203140867430274,0
163,C804,-31.00661333,115.30486,10/04/2021,12:32:46,Lancelin,,Moderate,Top,1.25,98.75,2.90196078431373,0.300326619585032,0.0,95.0,0.0,0.0,0.0,5.0,17.0,76.0,65.0,SAV,POINT (115.30486 -31.00661333),0.24833095293604954,0
164,C858,-30.98902276,115.3078973,10/04/2021,12:45:03,Lancelin,,Moderate,Top,0.0,100.0,2.43859649122807,1.01800827704411,0.0,80.0,0.0,0.0,0.0,20.0,10.0,77.0,70.0,Sand,POINT (115.3078973 -30.98902276),0.2380183508966565,0
165,C842,-30.977765,115.3049633,10/04/2021,12:55:10,Lancelin,,Moderate,Top,0.0,100.0,2.6734693877551,0.774267263881386,0.0,100.0,0.0,0.0,0.0,0.0,5.0,61.0,58.0,SAV,POINT (115.3049633 -30.977765),0.4485716646687653,0
166,C811,-30.97237,115.2923083,10/04/2021,13:21:28,Lancelin,,Moderate,Top,0.0,100.0,2.17241379310345,1.02833421822276,0.0,100.0,0.0,0.0,0.0,0.0,1.0,74.0,73.0,SAV,POINT (115.2923083 -30.97237),0.32013867804601337,0
167,C839,-30.96573,115.291995,10/04/2021,13:30:49,Lancelin,,Moderate,Top,0.0,100.0,0.333333333333333,0.738548945875996,0.0,10.0,0.0,0.0,0.0,90.0,0.0,80.0,80.0,Sand,POINT (115.291995 -30.96573),0.5101452857811211,1
168,C847,-30.92231333,115.2644583,10/04/2021,14:17:51,Lancelin,,Moderate,Top,0.0,100.0,2.0188679245283,1.20081007974002,0.0,62.0,0.0,0.0,0.0,38.0,3.0,76.0,74.0,Sand,POINT (115.2644583 -30.92231333),0.37381154741593975,1
169,C850,-30.926995,115.259455,10/04/2021,14:26:07,Lancelin,,Moderate,Top,0.0,100.0,2.75925925925926,0.671106807155733,0.0,56.0,0.0,0.0,0.0,44.0,0.0,68.0,68.0,Sand,POINT (115.259455 -30.926995),0.20690848965331787,1
170,C807,-30.94221833,115.2500917,10/04/2021,14:36:38,Lancelin,,Moderate,Top,0.0,100.0,1.0,0.285714285714286,0.0,28.0,0.0,0.0,0.0,72.0,0.0,74.0,74.0,Sand,POINT (115.2500917 -30.94221833),0.12829289915284517,1
171,C843,-30.94887667,115.264345,10/04/2021,14:47:12,Lancelin,,Good,Top,0.0,100.0,3.0,0.0,0.0,100.0,0.0,0.0,0.0,0.0,4.0,80.0,77.0,SAV,POINT (115.264345 -30.94887667),0.08326902445640112,0
172,C822,-30.95858833,115.2558283,10/04/2021,14:57:05,Lancelin,,Good,Top,0.0,100.0,0.15,0.360084735790276,0.0,4.0,0.0,0.0,0.0,96.0,0.0,80.0,80.0,Sand,POINT (115.2558283 -30.95858833),0.13131855904241946,1
173,C859,-30.95728,115.2762833,10/04/2021,15:08:19,Lancelin,,Good,Top,0.0,100.0,0.025,0.158113883008419,0.0,0.0,0.0,0.0,0.0,100.0,0.0,71.0,71.0,Sand,POINT (115.2762833 -30.95728),0.5093572920890679,1
174,C812,-30.96652,115.2670083,10/04/2021,15:17:55,Lancelin,,Good,Top,0.0,100.0,0.0,0.0,0.0,0.0,0.0,0.0,0.0,100.0,0.0,80.0,80.0,Sand,POINT (115.2670083 -30.96652),0.28096627965035736,1
175,C834,-30.98195333,115.26003,10/04/2021,15:28:48,Lancelin,,Moderate,Top,0.0,100.0,2.87037037037037,0.339049520304525,3.0,97.0,0.0,0.0,0.0,0.0,3.0,78.0,76.0,SAV,POINT (115.26003 -30.98195333),0.07111209320488691,0
176,C815,-30.98211167,115.26651,10/04/2021,15:37:29,Lancelin,,Moderate,Top,0.0,100.0,2.66666666666667,0.516397779494322,0.0,90.0,0.0,0.0,0.0,10.0,0.0,71.0,71.0,SAV,POINT (115.26651 -30.98211167),0.1250527032856762,0
177,C846,-30.984,115.274535,10/04/2021,15:45:52,Lancelin,,Good,Top,0.0,100.0,0.345454545454545,0.479898979268586,0.0,10.0,0.0,0.0,0.0,90.0,0.0,80.0,80.0,Sand,POINT (115.274535 -30.984),0.24933805715406324,1
178,C854,-30.98838,115.286485,10/04/2021,15:55:31,Lancelin,,Good,Top,4.8780487804878,95.1219512195122,3.01639344262295,0.222995013299141,0.0,100.0,0.0,0.0,0.0,0.0,15.0,78.0,68.0,SAV,POINT (115.286485 -30.98838),0.1043869442724107,0
179,C808,-30.99762833,115.2839467,10/04/2021,16:04:20,Lancelin,,Moderate,Top,0.0,100.0,0.627450980392157,0.823669455879614,0.0,30.0,0.0,0.0,0.0,70.0,0.0,71.0,71.0,Sand,POINT (115.2839467 -30.99762833),0.32344663717267946,1
180,C851,-31.00121667,115.27129,10/04/2021,16:13:58,Lancelin,,Moderate,Top,0.0,100.0,2.88461538461538,0.322602539032236,0.0,100.0,0.0,0.0,0.0,0.0,11.0,72.0,65.0,SAV,POINT (115.27129 -31.00121667),0.1080534373355239,0
181,C819,-31.00749333,115.2902933,10/04/2021,16:24:52,Lancelin,,Moderate,Top,0.0,100.0,0.0,0.0,0.0,0.0,0.0,0.0,0.0,100.0,0.0,73.0,73.0,Sand,POINT (115.2902933 -31.00749333),0.5065984820091831,1
182,C862,-31.01761667,115.2938817,10/04/2021,16:33:49,Lancelin,,Moderate,Top,0.0,100.0,0.025,0.158113883008419,0.0,0.0,0.0,0.0,0.0,100.0,0.0,80.0,80.0,Sand,POINT (115.2938817 -31.01761667),0.2383483044087041,1
183,C906,-30.65547167,115.0855633,15/04/2021,07:31:51,Cervantes,,Good,Top,0.0,100.0,3.0,0.0,0.0,100.0,0.0,0.0,0.0,0.0,6.0,76.0,72.0,SAV,POINT (115.0855633 -30.65547167),0.12716789561923472,0
184,C921,-30.63858333,115.0549567,15/04/2021,07:47:42,Cervantes,,Moderate,Top,0.0,100.0,2.35185185185185,0.872156455745409,1.0,83.0,0.0,0.0,0.0,15.0,3.0,74.0,72.0,SAV,POINT (115.0549567 -30.63858333),0.11291410410560995,0
185,C937,-30.64047,115.0761833,15/04/2021,07:59:30,Cervantes,,Good,Top,0.0,100.0,0.872727272727273,0.81773276116765,0.0,22.0,0.0,0.0,0.0,78.0,0.0,79.0,79.0,Sand,POINT (115.0761833 -30.64047),0.4793894393399009,1
186,C913,-30.62999833,115.0720583,15/04/2021,08:09:16,Cervantes,,Good,Top,0.0,100.0,3.0,0.0,1.0,99.0,0.0,0.0,0.0,0.0,0.0,76.0,76.0,SAV,POINT (115.0720583 -30.62999833),0.08764039258373142,0
187,C902,-30.63580667,115.089685,15/04/2021,08:20:52,Cervantes,,Moderate,Top,0.0,100.0,2.42857142857143,0.889756521002609,0.0,83.0,0.0,0.0,0.0,17.0,12.0,73.0,65.0,SAV,POINT (115.089685 -30.63580667),0.1854476398865943,0
188,C930,-30.64343667,115.1043617,15/04/2021,08:31:43,Cervantes,,Moderate,Top,0.0,100.0,0.0,0.0,0.0,0.0,0.0,0.0,0.0,100.0,0.0,80.0,80.0,Sand,POINT (115.1043617 -30.64343667),0.6114354286184952,1
189,C946,-30.63710833,115.108085,15/04/2021,08:39:28,Cervantes,,Moderate,Top,0.0,100.0,0.075,0.266746782836918,0.0,0.0,0.0,0.0,0.0,100.0,0.0,70.0,70.0,Sand,POINT (115.108085 -30.63710833),0.6268434178615856,1
190,C928,-30.64100333,115.1103817,15/04/2021,08:46:47,Cervantes,,Moderate,Top,0.0,100.0,2.61111111111111,0.760940033090198,0.0,81.0,0.0,0.0,0.0,19.0,3.0,80.0,78.0,SAV,POINT (115.1103817 -30.64100333),0.1671068963760374,0
191,C916,-30.65763833,115.1188583,15/04/2021,08:58:29,Cervantes,,Moderate,Top,0.0,100.0,0.25,0.438529009653515,0.0,2.0,2.0,0.0,0.0,96.0,0.0,51.0,51.0,Sand,POINT (115.1188583 -30.65763833),0.6837206938145785,1
192,C956,-30.656105,115.115605,15/04/2021,09:06:30,Cervantes,,Moderate,Top,0.0,100.0,0.5,0.640512615220349,0.0,15.0,0.0,0.0,0.0,85.0,1.0,76.0,75.0,Sand,POINT (115.115605 -30.656105),0.7127086853214901,1
193,C934,-30.65388667,115.106675,15/04/2021,09:18:33,Cervantes,,Moderate,Top,0.0,100.0,1.325,1.04727974858434,0.0,25.0,19.0,0.0,0.0,56.0,16.0,74.0,64.0,Sand,POINT (115.106675 -30.65388667),0.5451026426632831,1
194,C917,-30.62410167,115.08937,15/04/2021,10:04:23,Cervantes,,Moderate,Top,0.0,100.0,2.98,0.14142135623731,0.0,15.0,85.0,0.0,0.0,0.0,61.0,66.0,41.0,SAV,POINT (115.08937 -30.62410167),0.19333835737334498,0
195,C933,-30.619815,115.0823917,15/04/2021,10:28:03,Cervantes,,Moderate,Top,0.0,100.0,1.9622641509434,0.649326993330058,0.0,0.0,70.0,0.0,0.0,30.0,14.0,73.0,64.0,Sand,POINT (115.0823917 -30.619815),0.3037051895310034,0
196,C949,-30.615845,115.0822167,15/04/2021,10:35:40,Cervantes,,Moderate,Top,0.0,100.0,0.0,0.0,0.0,0.0,0.0,0.0,0.0,100.0,0.0,80.0,80.0,Sand,POINT (115.0822167 -30.615845),0.3309592680099404,1
197,C941,-30.61169667,115.06855,15/04/2021,10:44:46,Cervantes,,Moderate,Top,0.0,100.0,3.05454545454545,0.229183883650776,0.0,100.0,0.0,0.0,0.0,0.0,4.0,76.0,73.0,SAV,POINT (115.06855 -30.61169667),0.2020669179627587,0
198,C957,-30.60322,115.0651367,15/04/2021,10:53:26,Cervantes,,Moderate,Top,0.0,100.0,2.85714285714286,0.426842613825313,0.0,66.0,32.0,0.0,0.0,1.0,4.0,80.0,77.0,SAV,POINT (115.0651367 -30.60322),0.21977456065199036,0
199,C925,-30.60289833,115.0623733,15/04/2021,11:01:24,Cervantes,,Moderate,Top,0.0,100.0,2.78333333333333,0.691146595028297,1.0,99.0,0.0,0.0,0.0,0.0,3.0,70.0,68.0,SAV,POINT (115.0623733 -30.60289833),0.16924539721969725,0
200,C908,-30.59984167,115.0975483,15/04/2021,11:32:46,Cervantes,,Moderate,Top,0.0,100.0,0.0,0.0,0.0,0.0,0.0,0.0,0.0,100.0,0.0,65.0,65.0,Sand,POINT (115.0975483 -30.59984167),0.5492086595229875,1
201,C912,-30.59763,115.0430867,15/04/2021,12:27:19,Cervantes,,Moderate,Top,0.0,100.0,0.0,0.0,0.0,2.0,0.0,0.0,0.0,98.0,0.0,80.0,80.0,Sand,POINT (115.0430867 -30.59763),0.1818886753520748,1
202,C911,-30.58906333,115.051895,15/04/2021,12:40:50,Cervantes,,Moderate,Top,0.0,100.0,3.0,0.0,0.0,100.0,0.0,0.0,0.0,0.0,11.0,39.0,35.0,SAV,POINT (115.051895 -30.58906333),0.09698230432493209,0
203,C951,-30.593315,115.0559367,15/04/2021,12:49:05,Cervantes,,Moderate,Top,3.03030303030303,96.969696969697,3.0,0.0,0.0,100.0,0.0,0.0,0.0,0.0,7.0,77.0,72.0,SAV,POINT (115.0559367 -30.593315),0.16519276166429162,0
204,C903,-30.580155,115.0636283,15/04/2021,13:06:34,Cervantes,,Good,Top,0.0,100.0,2.98181818181818,0.134839972492648,0.0,40.0,60.0,0.0,0.0,0.0,3.0,74.0,72.0,SAV,POINT (115.0636283 -30.580155),0.4001928243013321,0
205,C931,-30.58147,115.0671817,15/04/2021,13:15:30,Cervantes,,Moderate,Top,0.0,100.0,0.425,0.500640615253123,0.0,18.0,0.0,0.0,0.0,82.0,0.0,71.0,71.0,Sand,POINT (115.0671817 -30.58147),0.9956576016252956,1
206,C926,-30.579705,115.0747467,15/04/2021,13:25:01,Cervantes,,Moderate,Top,0.0,100.0,3.0,0.0,0.0,0.0,100.0,0.0,0.0,0.0,59.0,65.0,41.0,SAV,POINT (115.0747467 -30.579705),0.1739931525760908,0
207,C959,-30.57473667,115.085815,15/04/2021,13:45:00,Cervantes,,Moderate,Top,0.0,100.0,3.0,0.0,0.0,0.0,100.0,0.0,0.0,0.0,0.0,76.0,76.0,SAV,POINT (115.085815 -30.57473667),0.19197545633362653,0
208,C958,-30.571935,115.0717,15/04/2021,13:53:58,Cervantes,,Moderate,Top,0.0,100.0,0.975,0.891196257415149,0.0,2.0,26.0,0.0,0.0,72.0,12.0,73.0,65.0,Sand,POINT (115.0717 -30.571935),0.8357733828054099,1
209,C942,-30.57533833,115.072115,15/04/2021,14:00:54,Cervantes,,Good,Top,0.0,100.0,0.0,0.0,0.0,0.0,0.0,0.0,0.0,100.0,0.0,80.0,80.0,Sand,POINT (115.072115 -30.57533833),0.9985643315623364,1
210,C907,-30.57493,115.0614733,15/04/2021,14:10:13,Cervantes,,Moderate,Top,0.0,100.0,3.0,0.0,0.0,100.0,0.0,0.0,0.0,0.0,6.0,74.0,70.0,SAV,POINT (115.0614733 -30.57493),0.1380896917738513,0
211,C920,-30.56153167,115.0410167,15/04/2021,14:52:59,Cervantes,,Moderate,Top,0.0,100.0,0.622641509433962,0.96529021332247,0.0,14.0,0.0,0.0,0.0,86.0,1.0,80.0,79.0,Sand,POINT (115.0410167 -30.56153167),0.40194573173401305,1
212,C915,-30.55322167,115.0888,15/04/2021,15:26:24,Cervantes,,Moderate,Top,0.0,100.0,3.0,0.0,0.0,0.0,100.0,0.0,0.0,0.0,49.0,67.0,45.0,SAV,POINT (115.0888 -30.55322167),0.08842761073748918,0
213,C955,-30.547325,115.089735,15/04/2021,15:45:41,Cervantes,,Moderate,Top,0.0,100.0,0.0,0.0,0.0,0.0,0.0,0.0,0.0,100.0,0.0,71.0,71.0,Sand,POINT (115.089735 -30.547325),0.9808167606957621,1
214,C936,-30.54425333,115.0428983,15/04/2021,16:23:33,Cervantes,,Moderate,Top,0.0,100.0,2.69565217391304,0.627855794391295,0.0,100.0,0.0,0.0,0.0,0.0,10.0,74.0,67.0,SAV,POINT (115.0428983 -30.54425333),0.12140650537841524,0
215,C1027,-30.29801333,114.9744783,16/04/2021,07:00:02,Jurien,,Moderate,Top,0.0,100.0,1.77777777777778,0.420437482591261,0.0,100.0,0.0,0.0,0.0,0.0,5.0,62.0,59.0,SAV,POINT (114.9744783 -30.29801333),0.14476804062001647,0
216,C1031,-30.29135667,114.9781167,16/04/2021,07:09:17,Jurien,,Moderate,Top,0.0,100.0,1.21818181818182,0.629253204965693,0.0,41.0,0.0,0.0,0.0,59.0,0.0,79.0,79.0,Sand,POINT (114.9781167 -30.29135667),0.6344197879550452,1
217,C1016,-30.290695,114.98341,16/04/2021,07:16:55,Jurien,,Moderate,Top,0.0,100.0,2.35087719298246,1.02628365735961,0.0,0.0,96.0,0.0,0.0,4.0,7.0,80.0,75.0,SAV,POINT (114.98341 -30.290695),0.15814662983891867,0
218,C1034,-30.289315,114.99367,16/04/2021,07:25:59,Jurien,,Moderate,Top,0.0,100.0,1.76470588235294,1.350381209794,0.0,5.0,44.0,0.0,0.0,51.0,0.0,80.0,80.0,Sand,POINT (114.99367 -30.289315),0.19069096703683802,1
219,C1007,-30.28222333,115.0040833,16/04/2021,07:35:37,Jurien,,Moderate,Top,0.0,100.0,0.0,0.0,0.0,0.0,0.0,0.0,0.0,100.0,0.0,75.0,75.0,Sand,POINT (115.0040833 -30.28222333),0.7088665399739754,1
220,C1018,-30.27805833,114.99677,16/04/2021,07:44:50,Jurien,,Moderate,Top,0.0,100.0,1.29545454545455,0.823479443116021,0.0,49.0,0.0,0.0,0.0,51.0,0.0,79.0,79.0,Sand,POINT (114.99677 -30.27805833),0.3034454157289041,1
221,C1003,-30.28030333,114.98545,16/04/2021,07:53:28,Jurien,,Moderate,Top,0.0,100.0,2.94545454545455,0.229183883650776,0.0,100.0,0.0,0.0,0.0,0.0,4.0,80.0,77.0,SAV,POINT (114.98545 -30.28030333),0.17419696145746313,0
222,C1047,-30.27760167,114.983985,16/04/2021,08:01:10,Jurien,,Good,Top,0.0,100.0,0.583333333333333,0.498223795452014,0.0,3.0,0.0,0.0,0.0,97.0,0.0,78.0,78.0,Sand,POINT (114.983985 -30.27760167),0.310299970282949,1
223,C1063,-30.28428833,114.9628167,16/04/2021,08:13:04,Jurien,,Moderate,Top,0.0,100.0,0.0,0.0,0.0,0.0,0.0,0.0,0.0,100.0,0.0,80.0,80.0,Sand,POINT (114.9628167 -30.28428833),0.17849858661745766,1
224,C1043,-30.27463167,114.9624417,16/04/2021,08:21:53,Jurien,,Moderate,Top,0.0,100.0,2.4,0.63887656499994,0.0,16.0,57.0,0.0,0.0,27.0,18.0,66.0,56.0,Sand,POINT (114.9624417 -30.27463167),0.10627324930243724,0
225,C1048,-30.26510333,114.970875,16/04/2021,08:33:06,Jurien,,Moderate,Top,0.0,100.0,3.0,0.0,0.0,100.0,0.0,0.0,0.0,0.0,0.0,76.0,76.0,SAV,POINT (114.970875 -30.26510333),0.13573003168462183,0
226,C1032,-30.26211667,114.9796367,16/04/2021,08:41:59,Jurien,,Moderate,Top,0.0,100.0,2.0,0.260377821961648,0.0,82.0,0.0,0.0,0.0,18.0,1.0,81.0,80.0,SAV,POINT (114.9796367 -30.26211667),0.18896270773059665,0
227,C1024,-30.24206333,114.965105,16/04/2021,09:11:45,Jurien,,Moderate,Top,0.0,100.0,0.0,0.0,0.0,0.0,0.0,0.0,0.0,100.0,0.0,67.0,67.0,Sand,POINT (114.965105 -30.24206333),0.15005403893747832,1
228,C1052,-30.22850167,114.9658883,16/04/2021,09:29:19,Jurien,,Good,Top,0.0,100.0,0.0,0.0,0.0,0.0,0.0,0.0,0.0,100.0,0.0,79.0,79.0,Sand,POINT (114.9658883 -30.22850167),0.29575804927185784,1
229,C1040,-30.22125667,114.9683717,16/04/2021,09:37:41,Jurien,,Moderate,Top,0.0,100.0,3.0,0.0,0.0,88.0,12.0,0.0,0.0,0.0,2.0,66.0,65.0,SAV,POINT (114.9683717 -30.22125667),0.06333099034253707,0
230,C1056,-30.22514167,114.98005,16/04/2021,09:47:36,Jurien,,Moderate,Top,0.0,100.0,2.42307692307692,0.723449087498292,0.0,60.0,0.0,0.0,0.0,40.0,3.0,77.0,75.0,Sand,POINT (114.98005 -30.22514167),0.291060669661165,1
231,C1009,-30.22985667,114.9836183,16/04/2021,09:55:35,Jurien,,Moderate,Top,0.0,100.0,2.12698412698413,0.888856886264663,0.0,100.0,0.0,0.0,0.0,0.0,0.0,77.0,77.0,SAV,POINT (114.9836183 -30.22985667),0.11689327461588579,0
232,C1011,-30.23408333,114.9955517,16/04/2021,10:25:15,Jurien,,Good,Top,0.0,100.0,2.86567164179104,0.814555509726655,0.0,73.0,27.0,0.0,0.0,0.0,13.0,79.0,70.0,SAV,POINT (114.9955517 -30.23408333),0.15475099300478617,0
233,C1022,-30.23380167,115.0016133,16/04/2021,10:34:59,Jurien,,Moderate,Top,0.0,100.0,0.0,0.0,0.0,0.0,0.0,0.0,0.0,100.0,0.0,69.0,69.0,Sand,POINT (115.0016133 -30.23380167),0.6871574137153934,1
234,C1015,-30.25186167,115.0007817,16/04/2021,11:03:27,Jurien,,Moderate,Top,0.0,100.0,0.172413793103448,0.381038794105574,0.0,0.0,0.0,0.0,0.0,100.0,0.0,78.0,78.0,Sand,POINT (115.0007817 -30.25186167),0.1857714072740242,1
235,C1039,-30.25838167,115.0365917,16/04/2021,12:24:20,Jurien,,Good,Top,0.0,100.0,2.96923076923077,0.248069469178417,0.0,1.0,97.0,0.0,0.0,1.0,0.0,79.0,79.0,SAV,POINT (115.0365917 -30.25838167),0.0492559815078986,0
236,C1055,-30.268645,115.0356367,16/04/2021,12:34:52,Jurien,,Moderate,Top,0.0,100.0,1.94,0.239897937482095,21.0,64.0,0.0,3.0,0.0,12.0,7.0,77.0,72.0,Sand,POINT (115.0356367 -30.268645),0.12208157549378784,0
237,C1060,-30.276985,115.0362533,16/04/2021,12:51:45,Jurien,,Moderate,Top,0.0,100.0,0.8,0.405095746833467,0.0,4.0,0.0,0.0,0.0,96.0,0.0,76.0,76.0,Sand,POINT (115.0362533 -30.276985),0.6056403954770515,1
238,C1002,-30.28036667,115.0412667,16/04/2021,13:00:31,Jurien,,Moderate,Top,0.0,100.0,0.516129032258065,0.625617974056345,0.0,4.0,0.0,0.0,0.0,96.0,0.0,75.0,75.0,Sand,POINT (115.0412667 -30.28036667),0.751408166232347,1
239,C1017,-30.29496,115.0390583,16/04/2021,13:32:51,Jurien,,Moderate,Top,0.0,100.0,0.0,0.0,0.0,0.0,0.0,0.0,0.0,100.0,0.0,59.0,59.0,Sand,POINT (115.0390583 -30.29496),0.9561480801242367,1
240,C1061,-30.28090667,115.02074,16/04/2021,13:50:24,Jurien,,Moderate,Top,0.0,100.0,0.275,0.452202586776303,0.0,26.0,0.0,0.0,0.0,74.0,12.0,64.0,57.0,Sand,POINT (115.02074 -30.28090667),0.6734357252225178,1
241,C1053,-30.283545,115.0176733,16/04/2021,13:57:22,Jurien,,Moderate,Top,0.0,100.0,0.225,0.42290206176626,0.0,4.0,0.0,0.0,0.0,96.0,0.0,72.0,72.0,Sand,POINT (115.0176733 -30.283545),0.9842261167570554,1
242,C1021,-30.28966667,115.01509,16/04/2021,14:05:05,Jurien,,Moderate,Top,0.0,100.0,1.0,0.0,0.0,18.0,0.0,0.0,0.0,82.0,0.0,71.0,71.0,Sand,POINT (115.01509 -30.28966667),0.90458895753519,1
243,C1033,-30.29722333,115.0139867,16/04/2021,14:12:55,Jurien,,Moderate,Top,0.0,100.0,0.208333333333333,0.410414079086058,0.0,3.0,0.0,0.0,0.0,97.0,0.0,72.0,72.0,Sand,POINT (115.0139867 -30.29722333),0.7458440474528901,1
244,C1049,-30.29614167,115.01113,16/04/2021,14:19:37,Jurien,,Moderate,Top,0.0,100.0,0.0,0.0,0.0,0.0,0.0,0.0,0.0,100.0,0.0,77.0,77.0,Sand,POINT (115.01113 -30.29614167),0.992282702335753,1
245,C1006,-30.29445667,115.0038433,16/04/2021,14:27:31,Jurien,,Moderate,Top,0.0,100.0,0.951219512195122,1.11694269128266,0.0,50.0,0.0,0.0,0.0,50.0,0.0,78.0,78.0,Sand,POINT (115.0038433 -30.29445667),0.28058758205234824,1
246,C1014,-30.28052667,115.00956,16/04/2021,14:47:40,Jurien,,Moderate,Top,0.0,100.0,3.0,0.0,0.0,0.0,100.0,0.0,0.0,0.0,0.0,80.0,80.0,SAV,POINT (115.00956 -30.28052667),0.2817445601030595,0
247,C1029,-30.276285,115.0081483,16/04/2021,14:55:56,Jurien,,Moderate,Top,0.0,100.0,3.11764705882353,1.26407788070937,0.0,97.0,3.0,0.0,0.0,0.0,12.0,76.0,68.0,SAV,POINT (115.0081483 -30.276285),0.18042541655354558,0
248,C1115,-29.61921,114.8660983,17/04/2021,07:28:01,Freshwater,,Moderate,Bottom,0.0,100.0,2.74418604651163,0.75885324686454,0.0,90.0,0.0,0.0,0.0,10.0,3.0,65.0,63.0,SAV,POINT (114.8660983 -29.61921),0.23856750772663904,0
249,C1139,-29.61935,114.8818383,17/04/2021,07:38:58,Freshwater,,Moderate,Bottom,0.0,100.0,1.125,0.647975149887552,0.0,17.0,0.0,0.0,0.0,83.0,6.0,68.0,64.0,Sand,POINT (114.8818383 -29.61935),0.2033932649447453,1
250,C1111,-29.61109167,114.884385,17/04/2021,07:48:04,Freshwater,,Moderate,Bottom,0.0,100.0,3.0,0.0,0.0,100.0,0.0,0.0,0.0,0.0,26.0,49.0,39.0,SAV,POINT (114.884385 -29.61109167),0.17819805938290575,0
251,C1144,-29.63331333,114.8966283,17/04/2021,08:02:20,Freshwater,,Good,Bottom,0.0,100.0,3.0,0.0,0.0,100.0,0.0,0.0,0.0,0.0,3.0,77.0,75.0,SAV,POINT (114.8966283 -29.63331333),0.14830135946065354,0
252,C1152,-29.63782,114.9161467,17/04/2021,08:27:59,Freshwater,,Moderate,Top,0.0,100.0,2.40909090909091,0.583421416887378,3.0,88.0,0.0,0.0,0.0,9.0,6.0,68.0,64.0,SAV,POINT (114.9161467 -29.63782),0.2060934594893402,0
253,C1116,-29.65019,114.9259833,17/04/2021,08:38:37,Freshwater,,Moderate,Top,0.0,100.0,1.47826086956522,0.690865172077981,0.0,36.0,0.0,0.0,0.0,64.0,1.0,75.0,74.0,Sand,POINT (114.9259833 -29.65019),0.5216776885800424,1
254,C1156,-29.64803667,114.9305067,17/04/2021,08:46:26,Freshwater,,Good,Top,0.0,100.0,0.0,0.0,0.0,0.0,0.0,0.0,0.0,100.0,0.0,76.0,76.0,Sand,POINT (114.9305067 -29.64803667),0.5396088839597293,1
255,C1124,-29.640255,114.9316,17/04/2021,08:55:19,Freshwater,,Good,Top,0.0,100.0,0.395348837209302,0.494711791215515,0.0,4.0,0.0,0.0,0.0,96.0,0.0,80.0,80.0,Sand,POINT (114.9316 -29.640255),0.546836471740082,1
256,C1140,-29.63549167,114.932415,17/04/2021,09:02:50,Freshwater,,Good,Top,0.0,100.0,0.111111111111111,0.317820863081864,0.0,1.0,0.0,0.0,0.0,99.0,0.0,79.0,79.0,Sand,POINT (114.932415 -29.63549167),0.7879032146687817,1
257,C1112,-29.633,114.926655,17/04/2021,09:10:23,Freshwater,,Good,Top,0.0,100.0,3.0,0.0,3.0,97.0,0.0,0.0,0.0,0.0,0.0,72.0,72.0,SAV,POINT (114.926655 -29.633),0.16569465841722464,0
258,C1123,-29.62003,114.9102583,17/04/2021,09:24:59,Freshwater,,Moderate,Top,0.0,100.0,0.98,0.5886685079439,5.0,32.0,0.0,0.0,0.0,63.0,5.0,79.0,75.0,Sand,POINT (114.9102583 -29.62003),0.29635098665159426,1
259,C1121,-29.61769667,114.921095,17/04/2021,09:34:04,Freshwater,,Moderate,Top,0.0,100.0,0.533333333333333,0.504524979109513,3.0,9.0,0.0,0.0,0.0,89.0,0.0,79.0,79.0,Sand,POINT (114.921095 -29.61769667),0.29246206647670603,1
260,C1137,-29.60843833,114.9161633,17/04/2021,09:45:05,Freshwater,,Moderate,Top,0.0,100.0,2.3265306122449,0.554818104653859,0.0,93.0,0.0,0.0,0.0,7.0,4.0,72.0,69.0,SAV,POINT (114.9161633 -29.60843833),0.2208640474877849,0
261,C1114,-29.60111167,114.91982,17/04/2021,09:53:57,Freshwater,,Moderate,Top,0.0,100.0,1.76595744680851,1.08773330245989,0.0,53.0,0.0,0.0,0.0,47.0,0.0,77.0,77.0,Sand,POINT (114.91982 -29.60111167),0.33776620176984556,1
262,C1109,-29.60660833,114.9296367,17/04/2021,10:02:50,Freshwater,,Good,Top,0.0,100.0,0.214285714285714,0.415299732236633,0.0,0.0,0.0,0.0,0.0,100.0,8.0,79.0,73.0,Sand,POINT (114.9296367 -29.60660833),0.4598024025959573,1
263,C1149,-29.61295167,114.93555,17/04/2021,10:11:40,Freshwater,,Moderate,Top,0.0,100.0,3.0,0.0,3.0,97.0,0.0,0.0,0.0,0.0,5.0,68.0,65.0,SAV,POINT (114.93555 -29.61295167),0.14626224993354817,0
264,C1133,-29.61715333,114.9345633,17/04/2021,10:19:59,Freshwater,,Moderate,Top,0.0,100.0,3.0,0.0,2.0,98.0,0.0,0.0,0.0,0.0,37.0,74.0,54.0,SAV,POINT (114.9345633 -29.61715333),0.11005102671041035,0
265,C1130,-29.62281,114.9439067,17/04/2021,10:30:26,Freshwater,,Good,Top,0.0,100.0,0.066666666666667,0.252262489554756,0.0,1.0,0.0,0.0,0.0,99.0,0.0,80.0,80.0,Sand,POINT (114.9439067 -29.62281),0.6008497845365907,1
266,C1134,-29.62563333,114.9469267,17/04/2021,10:39:25,Freshwater,,Good,Top,0.0,100.0,2.92,0.27404751561787,0.0,4.0,96.0,0.0,0.0,0.0,7.0,72.0,67.0,SAV,POINT (114.9469267 -29.62563333),0.34101922150946357,0
267,C1146,-29.62768333,114.9544083,17/04/2021,10:47:48,Freshwater,,Moderate,Top,0.0,100.0,2.78947368421053,0.452644692938195,0.0,0.0,97.0,0.0,0.0,3.0,7.0,77.0,72.0,SAV,POINT (114.9544083 -29.62768333),0.29557180185165177,0
268,C1148,-29.63357167,114.95575,17/04/2021,10:56:06,Freshwater,,Moderate,Top,0.0,100.0,3.0,0.0,10.0,43.0,47.0,0.0,0.0,0.0,22.0,71.0,58.0,SAV,POINT (114.95575 -29.63357167),0.055899718266915845,0
269,C1120,-29.64035167,114.9592067,17/04/2021,11:04:21,Freshwater,,Good,Top,0.0,100.0,2.88333333333333,0.415450201656585,31.0,31.0,39.0,0.0,0.0,0.0,4.0,78.0,75.0,SAV,POINT (114.9592067 -29.64035167),0.05409145028383822,0
270,C1132,-29.64121,114.95114,17/04/2021,11:12:20,Freshwater,,Moderate,Top,0.0,100.0,2.70212765957447,0.507118613044894,0.0,61.0,38.0,0.0,0.0,1.0,13.0,80.0,71.0,SAV,POINT (114.95114 -29.64121),0.1396547304950765,0
271,C1108,-29.63505167,114.9489733,17/04/2021,11:20:09,Freshwater,,Moderate,Top,0.0,100.0,2.04081632653061,0.199914947901746,0.0,31.0,60.0,0.0,0.0,9.0,9.0,74.0,68.0,SAV,POINT (114.9489733 -29.63505167),0.2356978391576504,0
272,C1113,-29.62359167,114.9576317,17/04/2021,11:30:32,Freshwater,,Good,Top,0.0,100.0,0.05,0.220721427863152,0.0,0.0,0.0,0.0,0.0,100.0,0.0,79.0,79.0,Sand,POINT (114.9576317 -29.62359167),0.7599216192874743,1
273,C1118,-29.61921167,114.9570683,17/04/2021,11:38:12,Freshwater,,Good,Top,0.0,100.0,1.72,0.572855361593241,0.0,0.0,73.0,0.0,0.0,27.0,1.0,78.0,77.0,Sand,POINT (114.9570683 -29.61921167),0.6531371877691777,0
274,C1110,-29.61542333,114.9555117,17/04/2021,11:45:20,Freshwater,,Good,Top,0.0,100.0,2.38333333333333,0.613179174927665,0.0,22.0,58.0,0.0,0.0,20.0,5.0,80.0,76.0,SAV,POINT (114.9555117 -29.61542333),0.33533226394759824,0
275,C1153,-29.618425,114.9655733,17/04/2021,11:54:23,Freshwater,,Good,Top,0.0,100.0,3.0,0.0,0.0,1.0,99.0,0.0,0.0,0.0,18.0,80.0,68.0,SAV,POINT (114.9655733 -29.618425),0.03327234457953738,0
276,C1157,-29.61612167,114.9679033,17/04/2021,12:02:53,Freshwater,,Good,Top,0.0,100.0,3.0,0.0,0.0,0.0,100.0,0.0,0.0,0.0,0.0,79.0,79.0,SAV,POINT (114.9679033 -29.61612167),0.1060252499146892,0
277,C1150,-29.60561,114.9505817,17/04/2021,12:14:53,Freshwater,,Moderate,Top,0.0,100.0,3.0,0.0,0.0,1.0,99.0,0.0,0.0,0.0,15.0,78.0,68.0,SAV,POINT (114.9505817 -29.60561),0.1801086184897532,0
278,C1102,-29.604805,114.960545,17/04/2021,12:24:49,Freshwater,,Moderate,Top,0.0,100.0,3.0,0.0,0.0,15.0,85.0,0.0,0.0,0.0,0.0,71.0,71.0,SAV,POINT (114.960545 -29.604805),0.062267660102971356,0
279,C1107,-29.601305,114.9695233,17/04/2021,12:35:58,Freshwater,,Good,Top,0.0,100.0,2.5,0.677630927178938,36.0,3.0,61.0,0.0,0.0,0.0,5.0,67.0,64.0,Sand,POINT (114.9695233 -29.601305),0.10478199029967973,0
280,C1104,-29.593925,114.9705517,17/04/2021,12:46:19,Freshwater,,Good,Top,0.0,100.0,3.0,0.0,7.0,0.0,93.0,0.0,0.0,0.0,0.0,74.0,74.0,SAV,POINT (114.9705517 -29.593925),0.09485449565831304,0
281,C1147,-29.592925,114.9585817,17/04/2021,12:56:47,Freshwater,,Good,Top,0.0,100.0,3.0,0.0,1.0,99.0,0.0,0.0,0.0,0.0,18.0,80.0,68.0,SAV,POINT (114.9585817 -29.592925),0.2575522716860962,0
282,C1131,-29.59055,114.9519283,17/04/2021,13:12:02,Freshwater,,Moderate,Top,0.0,100.0,2.875,0.333711906235957,18.0,69.0,12.0,0.0,0.0,0.0,20.0,78.0,65.0,Sand,POINT (114.9519283 -29.59055),0.2115392106359376,0
283,C1119,-29.582885,114.9615133,17/04/2021,13:21:30,Freshwater,,Moderate,Top,0.0,100.0,3.0,0.0,16.0,69.0,14.0,0.0,0.0,1.0,0.0,77.0,77.0,Sand,POINT (114.9615133 -29.582885),0.11055931055760072,0
284,C1135,-29.57744,114.9685667,17/04/2021,13:29:29,Freshwater,,Moderate,Top,1.25,98.75,3.0,0.0,10.0,28.0,62.0,0.0,0.0,0.0,12.0,67.0,60.0,SAV,POINT (114.9685667 -29.57744),0.1060252499146892,0
285,C1129,-29.56654833,114.965235,17/04/2021,13:38:47,Freshwater,,Moderate,Top,0.0,100.0,1.9,0.303045763365663,0.0,24.0,52.0,0.0,0.0,24.0,10.0,78.0,71.0,SAV,POINT (114.965235 -29.56654833),0.24871958593027294,0
286,C1145,-29.56171167,114.969155,17/04/2021,13:46:10,Freshwater,,Good,Top,0.0,100.0,2.9,0.303045763365663,0.0,1.0,99.0,0.0,0.0,0.0,6.0,75.0,71.0,SAV,POINT (114.969155 -29.56171167),0.17503398523955832,0
287,C1105,-29.56565833,114.960225,17/04/2021,13:54:41,Freshwater,,Moderate,Top,0.0,100.0,1.78181818181818,0.6855900159962,0.0,23.0,47.0,0.0,0.0,31.0,4.0,78.0,75.0,SAV,POINT (114.960225 -29.56565833),0.500659754047113,0
288,C1101,-29.56796333,114.951835,17/04/2021,14:02:48,Freshwater,,Moderate,Top,0.0,100.0,3.0,0.0,0.0,100.0,0.0,0.0,0.0,0.0,0.0,70.0,70.0,SAV,POINT (114.951835 -29.56796333),0.3516507247974248,0
289,C1103,-29.57497667,114.9550617,17/04/2021,14:11:06,Freshwater,,Moderate,Top,0.0,100.0,0.898305084745763,0.781133465884943,0.0,0.0,24.0,0.0,0.0,76.0,3.0,80.0,78.0,Sand,POINT (114.9550617 -29.57497667),0.9414376559152444,1
290,C1158,-29.57772667,114.9487883,17/04/2021,14:18:41,Freshwater,,Moderate,Top,0.0,100.0,2.09090909090909,0.674199862463242,0.0,77.0,0.0,0.0,0.0,23.0,7.0,79.0,74.0,Sand,POINT (114.9487883 -29.57772667),0.47958707133269535,0
291,C1142,-29.59072,114.9368567,17/04/2021,14:29:18,Freshwater,,Moderate,Top,0.0,100.0,2.96610169491525,0.182520824972938,0.0,1.0,97.0,0.0,0.0,1.0,3.0,79.0,77.0,SAV,POINT (114.9368567 -29.59072),0.28473761463031255,0
292,C1126,-29.59676333,114.930835,17/04/2021,14:37:30,Freshwater,,Good,Top,0.0,100.0,0.0,0.0,0.0,0.0,0.0,0.0,0.0,100.0,0.0,80.0,80.0,Sand,POINT (114.930835 -29.59676333),0.38738919946862815,1
293,C1143,-29.59317667,114.9074783,17/04/2021,14:50:20,Freshwater,,Moderate,Top,0.0,100.0,3.0,0.0,0.0,99.0,0.0,0.0,0.0,1.0,1.0,71.0,70.0,SAV,POINT (114.9074783 -29.59317667),0.18460169308694718,0
294,C1122,-29.58419667,114.9141833,17/04/2021,14:59:54,Freshwater,,Moderate,Top,0.0,100.0,1.07142857142857,0.491122009440984,0.0,26.0,0.0,0.0,0.0,74.0,1.0,79.0,78.0,Sand,POINT (114.9141833 -29.58419667),0.3857097208037473,1
295,C1154,-29.57228,114.93618,17/04/2021,15:19:36,Freshwater,,Moderate,Top,0.0,100.0,3.0,0.0,0.0,100.0,0.0,0.0,0.0,0.0,14.0,79.0,69.0,SAV,POINT (114.93618 -29.57228),0.21808362665482786,0
296,C1117,-29.56967333,114.9322067,17/04/2021,15:26:56,Freshwater,,Moderate,Top,0.0,100.0,0.0,0.0,0.0,0.0,0.0,0.0,0.0,100.0,0.0,75.0,75.0,Sand,POINT (114.9322067 -29.56967333),0.7193683341973494,1
