,sample,latitude,longitude,date,time_botto,site,location,visibility,image,fov_Limite,fov_Open,mean_relie,sd_relief,broad_Cons,broad_Macr,broad_Seag,broad_Spon,broad_Ston,broad_Unco,broad_Unkn,Total_Sum,Total_adj,Class,geometry,kndavi
0,C531,-32.76659665,115.5525567,7/04/2021,07:09:57,Mandurah,Perth,Good,Top,0.0,100.0,2.94,0.239897937482095,0.0,97.0,0.0,0.0,0.0,3.0,7.0,77.0,72.0,SAV,POINT (115.5525567 -32.76659665),0.0
1,C547,-32.76324364,115.5633417,7/04/2021,07:23:47,Mandurah,Perth,Good,Top,0.0,100.0,2.96153846153846,0.194183909345154,0.0,99.0,0.0,0.0,0.0,1.0,8.0,80.0,74.0,SAV,POINT (115.5633417 -32.76324364),0.0
2,C563,-32.76636044,115.5660562,7/04/2021,07:32:17,Mandurah,Perth,Good,Top,0.0,100.0,0.618181818181818,0.560783482708001,0.0,12.0,0.0,0.0,0.0,88.0,0.0,75.0,75.0,Sand,POINT (115.5660562 -32.76636044),0.0
3,C539,-32.76821772,115.568033,7/04/2021,07:48:52,Mandurah,Perth,Good,Top,0.0,100.0,1.12,0.328260722659316,0.0,13.0,0.0,0.0,0.0,87.0,0.0,78.0,78.0,Sand,POINT (115.568033 -32.76821772),0.0
4,C527,-32.78049273,115.5637257,7/04/2021,08:05:29,Mandurah,Perth,Good,Top,0.0,100.0,0.966666666666667,0.181020334719393,0.0,19.0,0.0,0.0,0.0,81.0,0.0,79.0,79.0,Sand,POINT (115.5637257 -32.78049273),0.0
5,C543,-32.78180705,115.5719847,7/04/2021,08:16:40,Mandurah,Perth,Good,Top,0.0,100.0,2.96666666666667,0.181020334719393,0.0,98.0,0.0,0.0,0.0,2.0,0.0,80.0,80.0,SAV,POINT (115.5719847 -32.78180705),0.0
6,C516,-32.78580484,115.5784373,7/04/2021,08:25:37,Mandurah,Perth,Good,Top,0.0,100.0,3.0,0.0,0.0,100.0,0.0,0.0,0.0,0.0,1.0,77.0,76.0,SAV,POINT (115.5784373 -32.78580484),0.0
7,C514,-32.78854957,115.585758,7/04/2021,08:34:52,Mandurah,Perth,Good,Top,0.0,100.0,2.96078431372549,0.196039211763921,0.0,38.0,61.0,0.0,0.0,2.0,13.0,69.0,61.0,SAV,POINT (115.585758 -32.78854957),0.0
8,C512,-32.77082479,115.5822387,7/04/2021,08:46:53,Mandurah,Perth,Good,Top,0.0,100.0,2.91666666666667,0.278717806785302,0.0,100.0,0.0,0.0,0.0,0.0,0.0,78.0,78.0,SAV,POINT (115.5822387 -32.77082479),0.0
9,C503,-32.77256581,115.587531,7/04/2021,08:54:51,Mandurah,Perth,Good,Top,0.0,100.0,1.58333333333333,0.743141902334709,0.0,0.0,61.0,0.0,0.0,39.0,7.0,79.0,74.0,Sand,POINT (115.587531 -32.77256581),0.0
10,C557,-32.77715895,115.5913896,7/04/2021,09:06:16,Mandurah,Perth,Good,Top,0.0,100.0,0.741379310344828,0.663862827396983,0.0,0.0,45.0,0.0,0.0,55.0,0.0,80.0,80.0,Sand,POINT (115.5913896 -32.77715895),0.0
11,C518,-32.77374556,115.5998587,7/04/2021,09:16:45,Mandurah,Perth,Good,Top,0.0,100.0,2.15254237288136,0.886946706054247,0.0,0.0,66.0,0.0,0.0,34.0,1.0,80.0,79.0,Sand,POINT (115.5998587 -32.77374556),0.0
12,C522,-32.78234333,115.6084667,7/04/2021,09:27:09,Mandurah,Perth,Good,Top,0.0,100.0,2.92727272727273,0.325152127048103,0.0,0.0,94.0,0.0,0.0,6.0,10.0,75.0,68.0,SAV,POINT (115.6084667 -32.78234333),0.0
13,C507,-32.79069333,115.6062517,7/04/2021,09:37:35,Mandurah,Perth,Good,Bottom,0.0,100.0,3.0,0.0,0.0,55.0,45.0,0.0,0.0,0.0,38.0,58.0,42.0,SAV,POINT (115.6062517 -32.79069333),0.0
14,C560,-32.78541033,115.6260875,7/04/2021,09:50:19,Mandurah,Perth,Good,Bottom,0.0,100.0,0.0,0.0,0.0,0.0,0.0,0.0,0.0,100.0,0.0,56.0,56.0,Sand,POINT (115.6260875 -32.78541033),0.0
15,C502,-32.77867667,115.6246683,7/04/2021,10:00:39,Mandurah,Perth,Good,Bottom,0.0,100.0,0.0,0.0,0.0,0.0,0.0,0.0,0.0,100.0,0.0,73.0,73.0,Sand,POINT (115.6246683 -32.77867667),0.0
16,C534,-32.76245833,115.6164933,7/04/2021,10:12:16,Mandurah,Perth,Good,Bottom,0.0,100.0,0.05,0.220721427863152,0.0,0.0,0.0,0.0,0.0,100.0,0.0,54.0,54.0,Sand,POINT (115.6164933 -32.76245833),0.0
17,C550,-32.76053,115.6094833,7/04/2021,10:20:44,Mandurah,Perth,Good,Bottom,0.0,100.0,3.0,0.0,0.0,5.0,95.0,0.0,0.0,0.0,10.0,68.0,62.0,SAV,POINT (115.6094833 -32.76053),0.0
18,C517,-32.75558,115.6198167,7/04/2021,10:30:59,Mandurah,Perth,Good,Bottom,0.0,100.0,0.023809523809524,0.154303349962092,0.0,0.0,0.0,0.0,0.0,100.0,0.0,63.0,63.0,Sand,POINT (115.6198167 -32.75558),0.0
19,C549,-32.750035,115.616995,7/04/2021,10:39:30,Mandurah,Perth,Good,Bottom,0.0,100.0,0.625,0.627877989127481,0.0,7.0,0.0,0.0,0.0,93.0,11.0,61.0,55.0,Sand,POINT (115.616995 -32.750035),0.0
20,C533,-32.75502833,115.6026583,7/04/2021,10:50:17,Mandurah,Perth,Good,Bottom,0.0,100.0,2.97674418604651,0.152498570332605,0.0,5.0,91.0,0.0,0.0,4.0,9.0,61.0,56.0,SAV,POINT (115.6026583 -32.75502833),0.0
21,C561,-32.75841,115.589025,7/04/2021,11:12:24,Mandurah,Perth,Good,Top,0.0,100.0,0.05,0.219784177651083,0.0,0.0,0.0,0.0,0.0,100.0,0.0,80.0,80.0,Sand,POINT (115.589025 -32.75841),0.0
22,C504,-32.753605,115.5791817,7/04/2021,11:22:47,Mandurah,Perth,Good,Top,0.0,100.0,2.05,1.17061478849827,0.0,49.0,0.0,0.0,0.0,51.0,0.0,78.0,78.0,Sand,POINT (115.5791817 -32.753605),0.0
23,C555,-32.75919667,115.5720367,7/04/2021,11:32:20,Mandurah,Perth,Good,Top,0.0,100.0,3.0,0.0,0.0,100.0,0.0,0.0,0.0,0.0,18.0,72.0,61.0,SAV,POINT (115.5720367 -32.75919667),0.0
24,C523,-32.749195,115.5514483,7/04/2021,11:45:44,Mandurah,Perth,Good,Top,0.0,100.0,2.97872340425532,0.145864991497895,0.0,100.0,0.0,0.0,0.0,0.0,3.0,69.0,67.0,SAV,POINT (115.5514483 -32.749195),0.0
25,C562,-32.731935,115.5578683,7/04/2021,11:58:21,Mandurah,Perth,Good,Top,0.0,100.0,3.0,0.0,0.0,92.0,8.0,0.0,0.0,0.0,6.0,67.0,63.0,SAV,POINT (115.5578683 -32.731935),0.0
26,C508,-32.73598,115.569855,7/04/2021,12:08:48,Mandurah,Perth,Good,Top,0.0,100.0,0.886792452830189,0.506130773557531,0.0,20.0,0.0,0.0,0.0,80.0,7.0,80.0,75.0,Sand,POINT (115.569855 -32.73598),0.0
27,C551,-32.73031833,115.5731167,7/04/2021,12:17:54,Mandurah,Perth,Good,Top,0.0,100.0,2.98305084745763,0.130188910980824,0.0,99.0,0.0,0.0,0.0,1.0,1.0,75.0,74.0,SAV,POINT (115.5731167 -32.73031833),0.0
28,C519,-32.74691167,115.5835017,7/04/2021,12:30:02,Mandurah,Perth,Good,Top,0.0,100.0,0.5,0.853705780302578,0.0,12.0,0.0,0.0,0.0,88.0,0.0,80.0,80.0,Sand,POINT (115.5835017 -32.74691167),0.0
29,C541,-32.741435,115.587285,7/04/2021,12:40:02,Mandurah,Perth,Good,Top,0.0,100.0,0.0,0.0,0.0,0.0,0.0,0.0,0.0,100.0,0.0,80.0,80.0,Sand,POINT (115.587285 -32.741435),0.0
30,C525,-32.74059,115.5971217,7/04/2021,12:49:03,Mandurah,Perth,Good,Top,0.0,100.0,2.02272727272727,0.150755672288882,2.0,98.0,0.0,0.0,0.0,0.0,16.0,74.0,64.0,SAV,POINT (115.5971217 -32.74059),0.0
31,C537,-32.73974,115.603825,7/04/2021,12:58:24,Mandurah,Perth,Good,Top,0.0,100.0,3.0,0.0,0.0,77.0,22.0,0.0,0.0,1.0,16.0,80.0,69.0,SAV,POINT (115.603825 -32.73974),0.0
32,C521,-32.73164167,115.6113367,7/04/2021,13:08:10,Mandurah,Perth,Good,Top,0.0,100.0,3.0,0.0,0.0,100.0,0.0,0.0,0.0,0.0,22.0,71.0,58.0,SAV,POINT (115.6113367 -32.73164167),0.0
33,C536,-32.72193333,115.610715,7/04/2021,13:17:38,Mandurah,Perth,Good,Top,0.0,100.0,3.0,0.0,0.0,100.0,0.0,0.0,0.0,0.0,36.0,80.0,59.0,SAV,POINT (115.610715 -32.72193333),0.0
34,C552,-32.72100667,115.6065617,7/04/2021,13:25:40,Mandurah,Perth,Good,Top,0.0,100.0,1.85,0.879618561399953,0.0,0.0,70.0,0.0,0.0,30.0,15.0,76.0,66.0,Sand,POINT (115.6065617 -32.72100667),0.0
35,C553,-32.72549,115.59069,7/04/2021,13:36:39,Mandurah,Perth,Good,Top,0.0,100.0,0.280701754385965,0.559157081332259,0.0,1.0,0.0,0.0,0.0,99.0,0.0,79.0,79.0,Sand,POINT (115.59069 -32.72549),0.0
36,C556,-32.72013167,115.5894883,7/04/2021,13:44:49,Mandurah,Perth,Good,Top,0.0,100.0,3.0,0.0,0.0,28.0,72.0,0.0,0.0,0.0,25.0,71.0,57.0,SAV,POINT (115.5894883 -32.72013167),0.0
37,C513,-32.716015,115.5943133,7/04/2021,14:05:08,Mandurah,Perth,Moderate,Top,1.35135135135135,98.6486486486486,3.0,0.0,0.0,90.0,10.0,0.0,0.0,0.0,25.0,74.0,59.0,SAV,POINT (115.5943133 -32.716015),0.0
38,C515,-32.71587,115.579125,7/04/2021,14:15:41,Mandurah,Perth,Moderate,Top,0.0,100.0,2.94545454545455,0.229183883650776,0.0,95.0,0.0,0.0,0.0,5.0,11.0,71.0,64.0,SAV,POINT (115.579125 -32.71587),0.0
39,C546,-32.718225,115.56245,7/04/2021,14:26:48,Mandurah,Perth,Good,Top,0.0,100.0,2.44,0.732900305050323,0.0,3.0,79.0,0.0,0.0,18.0,3.0,74.0,72.0,Sand,POINT (115.56245 -32.718225),0.0
40,C530,-32.70577833,115.5735883,7/04/2021,14:39:01,Mandurah,Perth,Good,Top,0.0,100.0,0.64,0.749421545634514,0.0,3.0,8.0,0.0,0.0,89.0,6.0,76.0,72.0,Sand,POINT (115.5735883 -32.70577833),0.0
41,C520,-32.70640833,115.6119517,7/04/2021,14:53:24,Mandurah,Perth,Moderate,Top,0.0,100.0,3.0,0.0,0.0,100.0,0.0,0.0,0.0,0.0,45.0,68.0,47.0,SAV,POINT (115.6119517 -32.70640833),0.0
42,C509,-32.70012667,115.6070517,7/04/2021,15:04:09,Mandurah,Perth,Good,Top,0.0,100.0,2.9,0.303045763365663,0.0,0.0,96.0,0.0,0.0,4.0,4.0,73.0,70.0,SAV,POINT (115.6070517 -32.70012667),0.0
43,C501,-32.68659667,115.59707,7/04/2021,15:14:56,Mandurah,Perth,Good,Top,0.0,100.0,2.58620689655172,0.701739261784996,0.0,16.0,68.0,0.0,0.0,17.0,3.0,79.0,77.0,Sand,POINT (115.59707 -32.68659667),0.0
44,C548,-32.67551667,115.6060967,7/04/2021,12:25:44,Mandurah,Perth,Good,Top,0.0,100.0,3.0,0.0,0.0,96.0,0.0,4.0,0.0,0.0,0.0,80.0,80.0,SAV,POINT (115.6060967 -32.67551667),0.0
45,C505,-32.66743,115.60697,7/04/2021,15:36:37,Mandurah,Perth,Good,Top,0.0,100.0,2.7,0.590891311810287,0.0,82.0,0.0,0.0,0.0,18.0,8.0,80.0,74.0,SAV,POINT (115.60697 -32.66743),0.0
46,C542,-32.66421833,115.5836333,7/04/2021,15:48:31,Mandurah,Perth,Good,Top,0.0,100.0,1.5,0.543983793275993,0.0,0.0,25.0,0.0,0.0,75.0,6.0,76.0,72.0,Sand,POINT (115.5836333 -32.66421833),0.0
47,C554,-32.68315167,115.5626283,7/04/2021,16:03:27,Mandurah,Perth,Moderate,Top,0.0,100.0,3.0,0.0,0.0,77.0,18.0,0.0,0.0,5.0,33.0,76.0,57.0,Sand,POINT (115.5626283 -32.68315167),0.0
48,C526,-32.68116333,115.5704267,7/04/2021,16:12:25,Mandurah,Perth,Moderate,Top,0.0,100.0,2.90909090909091,0.290803363451153,0.0,100.0,0.0,0.0,0.0,0.0,0.0,62.0,62.0,SAV,POINT (115.5704267 -32.68116333),0.0
49,C511,-32.68169167,115.5769833,7/04/2021,16:21:45,Mandurah,Perth,Good,Top,0.0,100.0,0.044444444444444,0.208409077139993,0.0,1.0,0.0,0.0,0.0,99.0,0.0,80.0,80.0,Sand,POINT (115.5769833 -32.68169167),0.0
50,C558,-32.694255,115.5826567,7/04/2021,16:32:35,Mandurah,Perth,Moderate,Top,0.0,100.0,2.95744680851064,0.204029708888579,0.0,71.0,29.0,0.0,0.0,0.0,32.0,54.0,41.0,SAV,POINT (115.5826567 -32.694255),0.0
51,C634,-32.26994,115.6663633,8/04/2021,07:29:10,Garden Island,Perth,Good,Bottom,0.0,100.0,0.0,0.0,0.0,2.0,0.0,0.0,0.0,98.0,0.0,58.0,58.0,Sand,POINT (115.6663633 -32.26994),0.0
52,C650,-32.25990167,115.6805067,8/04/2021,07:41:22,Garden Island,Perth,Good,Bottom,0.0,100.0,0.075,0.266746782836918,0.0,0.0,0.0,0.0,0.0,100.0,3.0,68.0,66.0,Sand,POINT (115.6805067 -32.25990167),0.0
53,C622,-32.25616167,115.6805217,8/04/2021,07:49:12,Garden Island,Perth,Moderate,Bottom,0.0,100.0,1.31914893617021,1.25293365275475,0.0,65.0,0.0,0.0,0.0,35.0,30.0,78.0,60.0,Sand,POINT (115.6805217 -32.25616167),0.0
54,C654,-32.24847167,115.6637667,8/04/2021,08:00:43,Garden Island,Perth,Moderate,Bottom,0.0,100.0,1.125,0.647975149887552,0.0,31.0,0.0,0.0,0.0,69.0,3.0,61.0,59.0,Sand,POINT (115.6637667 -32.24847167),0.0
55,C626,-32.25295667,115.651565,8/04/2021,08:10:53,Garden Island,Perth,Moderate,Bottom,0.0,100.0,0.05,0.220721427863152,0.0,0.0,0.0,0.0,0.0,100.0,0.0,62.0,62.0,Sand,POINT (115.651565 -32.25295667),0.0
56,C609,-32.24242,115.6210417,8/04/2021,09:02:27,Garden Island,Perth,Moderate,Top,0.0,100.0,1.83333333333333,0.966417230884748,0.0,71.0,0.0,0.0,0.0,29.0,6.0,70.0,66.0,Sand,POINT (115.6210417 -32.24242),0.0
57,C658,-32.23989333,115.6233717,8/04/2021,09:10:12,Garden Island,Perth,Good,Top,0.0,100.0,3.0,0.0,0.0,100.0,0.0,0.0,0.0,0.0,4.0,76.0,73.0,SAV,POINT (115.6233717 -32.23989333),0.0
58,C605,-32.23299833,115.622765,8/04/2021,09:19:21,Garden Island,Perth,Good,Top,0.0,100.0,3.01694915254237,0.130188910980824,0.0,100.0,0.0,0.0,0.0,0.0,1.0,76.0,75.0,SAV,POINT (115.622765 -32.23299833),0.0
59,C629,-32.226065,115.6134983,8/04/2021,09:29:28,Garden Island,Perth,Good,Top,0.0,100.0,2.83673469387755,0.425584831707607,0.0,98.0,0.0,0.0,0.0,2.0,8.0,65.0,60.0,SAV,POINT (115.6134983 -32.226065),0.0
60,C645,-32.22161,115.6166183,8/04/2021,09:38:47,Garden Island,Perth,Good,Top,0.0,100.0,2.45901639344262,0.992870761845053,0.0,91.0,0.0,0.0,0.0,9.0,0.0,80.0,80.0,SAV,POINT (115.6166183 -32.22161),0.0
61,C649,-32.222255,115.5972317,8/04/2021,09:51:50,Garden Island,Perth,Good,Top,2.5,97.5,1.49122807017544,1.03721479759057,0.0,42.0,3.0,0.0,0.0,56.0,6.0,76.0,72.0,Sand,POINT (115.5972317 -32.222255),0.0
62,C601,-32.217025,115.5961417,8/04/2021,10:00:52,Garden Island,Perth,Moderate,Top,0.0,100.0,1.61290322580645,1.28490401133706,14.0,14.0,0.0,3.0,0.0,69.0,1.0,79.0,78.0,Sand,POINT (115.5961417 -32.217025),0.0
63,C617,-32.20925,115.6039683,8/04/2021,10:12:54,Garden Island,Perth,Moderate,Top,0.0,100.0,3.0,0.0,0.0,100.0,0.0,0.0,0.0,0.0,6.0,75.0,71.0,SAV,POINT (115.6039683 -32.20925),0.0
64,C633,-32.20878667,115.614885,8/04/2021,10:23:09,Garden Island,Perth,Moderate,Top,0.0,100.0,0.309090909090909,0.504524979109513,0.0,5.0,0.0,0.0,0.0,95.0,0.0,80.0,80.0,Sand,POINT (115.614885 -32.20878667),0.0
65,C602,-32.22411,115.6317133,8/04/2021,10:39:21,Garden Island,Perth,Good,Top,0.0,100.0,0.73469387755102,0.446071285599886,0.0,15.0,0.0,0.0,0.0,85.0,3.0,80.0,78.0,Sand,POINT (115.6317133 -32.22411),0.0
66,C606,-32.23334,115.6451417,8/04/2021,10:51:28,Garden Island,Perth,Moderate,Top,0.0,100.0,0.066666666666667,0.252262489554756,0.0,0.0,0.0,0.0,0.0,100.0,0.0,70.0,70.0,Sand,POINT (115.6451417 -32.23334),0.0
67,C618,-32.225725,115.65058,8/04/2021,11:00:52,Garden Island,Perth,Good,Top,0.0,100.0,0.0,0.0,0.0,0.0,0.0,0.0,0.0,100.0,0.0,71.0,71.0,Sand,POINT (115.65058 -32.225725),0.0
68,C625,-32.228,115.6673817,8/04/2021,11:15:14,Garden Island,Perth,Moderate,Top,0.0,100.0,3.04477611940298,0.271518503242218,0.0,99.0,0.0,0.0,0.0,1.0,0.0,79.0,79.0,SAV,POINT (115.6673817 -32.228),0.0
69,C621,-32.2128,115.6680667,8/04/2021,11:28:53,Garden Island,Perth,Moderate,Top,0.0,100.0,3.046875,0.213042025811587,0.0,98.0,0.0,0.0,0.0,2.0,36.0,72.0,53.0,SAV,POINT (115.6680667 -32.2128),0.0
70,C637,-32.210055,115.66674,8/04/2021,11:36:59,Garden Island,Perth,Moderate,Top,0.0,100.0,2.17460317460317,1.15757926698114,0.0,71.0,0.0,0.0,0.0,29.0,0.0,76.0,76.0,Sand,POINT (115.66674 -32.210055),0.0
71,C639,-32.19705667,115.667405,8/04/2021,11:49:13,Garden Island,Perth,Good,Top,0.0,100.0,0.0,0.0,0.0,0.0,0.0,0.0,0.0,100.0,0.0,78.0,78.0,Sand,POINT (115.667405 -32.19705667),0.0
72,C615,-32.19867667,115.6509433,8/04/2021,12:01:13,Garden Island,Perth,Good,Top,0.0,100.0,0.06,0.239897937482095,0.0,1.0,0.0,0.0,0.0,99.0,0.0,68.0,68.0,Sand,POINT (115.6509433 -32.19867667),0.0
73,C646,-32.20195667,115.64891,8/04/2021,12:09:05,Garden Island,Perth,Good,Top,0.0,100.0,0.075,0.266746782836918,0.0,2.0,0.0,0.0,0.0,98.0,0.0,80.0,80.0,Sand,POINT (115.64891 -32.20195667),0.0
74,C630,-32.21238667,115.6452967,8/04/2021,12:19:34,Garden Island,Perth,Good,Top,0.0,100.0,0.0,0.0,0.0,0.0,0.0,0.0,0.0,100.0,0.0,78.0,78.0,Sand,POINT (115.6452967 -32.21238667),0.0
75,C641,-32.20385333,115.631605,8/04/2021,12:30:26,Garden Island,Perth,Good,Top,0.0,100.0,1.36,0.562791874388349,0.0,51.0,0.0,0.0,0.0,49.0,0.0,73.0,73.0,Sand,POINT (115.631605 -32.20385333),0.0
76,C659,-32.19605167,115.6352217,8/04/2021,12:41:50,Garden Island,Perth,Good,Top,0.0,100.0,0.1,0.3038218101251,0.0,3.0,0.0,0.0,0.0,97.0,0.0,76.0,76.0,Sand,POINT (115.6352217 -32.19605167),0.0
77,C608,-32.19635833,115.609915,8/04/2021,12:54:45,Garden Island,Perth,Good,Top,0.0,100.0,1.54545454545455,1.33080568493066,0.0,51.0,0.0,0.0,0.0,49.0,0.0,80.0,80.0,Sand,POINT (115.609915 -32.19635833),0.0
78,C612,-32.19737667,115.58631,8/04/2021,13:10:00,Garden Island,Perth,Good,Top,0.0,100.0,1.30769230769231,0.672672793996313,0.0,32.0,0.0,0.0,0.0,68.0,4.0,76.0,73.0,Sand,POINT (115.58631 -32.19737667),0.0
79,C648,-32.18672167,115.6051267,8/04/2021,13:25:22,Garden Island,Perth,Good,Top,0.0,100.0,2.77777777777778,0.537873754798121,0.0,96.0,0.0,0.0,0.0,4.0,4.0,80.0,77.0,SAV,POINT (115.6051267 -32.18672167),0.0
80,C652,-32.17921667,115.6141533,8/04/2021,13:35:14,Garden Island,Perth,Good,Top,0.0,100.0,3.0,0.0,0.0,100.0,0.0,0.0,0.0,0.0,23.0,75.0,61.0,SAV,POINT (115.6141533 -32.17921667),0.0
81,C623,-32.184125,115.6623767,8/04/2021,13:57:22,Garden Island,Perth,Moderate,Top,0.0,100.0,2.9622641509434,0.192380247561097,0.0,100.0,0.0,0.0,0.0,0.0,61.0,74.0,46.0,SAV,POINT (115.6623767 -32.184125),0.0
82,C632,-32.17772833,115.65577,8/04/2021,14:09:50,Garden Island,Perth,Moderate,Top,0.0,100.0,0.15,0.366347548532523,0.0,0.0,0.0,0.0,0.0,100.0,0.0,74.0,74.0,Sand,POINT (115.65577 -32.17772833),0.0
83,C627,-32.17282333,115.6408767,8/04/2021,14:20:10,Garden Island,Perth,Moderate,Top,0.0,100.0,0.557692307692308,0.607581561972936,0.0,12.0,0.0,0.0,0.0,88.0,0.0,73.0,73.0,Sand,POINT (115.6408767 -32.17282333),0.0
84,C651,-32.158,115.654335,8/04/2021,14:32:00,Garden Island,Perth,Moderate,Top,0.0,100.0,2.14814814814815,0.959705289028334,0.0,77.0,0.0,0.0,0.0,23.0,7.0,80.0,75.0,Sand,POINT (115.654335 -32.158),0.0
85,C611,-32.15097667,115.6516183,8/04/2021,14:40:26,Garden Island,Perth,Moderate,Top,0.0,100.0,2.63333333333333,0.609714205533526,0.0,91.0,0.0,0.0,0.0,9.0,7.0,60.0,56.0,SAV,POINT (115.6516183 -32.15097667),0.0
86,C635,-32.146825,115.6524333,8/04/2021,14:48:15,Garden Island,Perth,Moderate,Top,0.0,100.0,0.533333333333333,0.860366134304153,0.0,3.0,0.0,0.0,0.0,97.0,0.0,79.0,79.0,Sand,POINT (115.6524333 -32.146825),0.0
87,C619,-32.13760833,115.6528767,8/04/2021,14:57:40,Garden Island,Perth,Moderate,Top,0.0,100.0,3.51162790697674,0.505780538858873,44.0,44.0,0.0,12.0,0.0,0.0,152.0,63.0,25.0,Sand,POINT (115.6528767 -32.13760833),0.0
88,C607,-32.13317333,115.6474633,8/04/2021,15:06:34,Garden Island,Perth,Moderate,Top,0.0,100.0,3.0,0.0,0.0,97.0,0.0,0.0,0.0,3.0,13.0,44.0,39.0,SAV,POINT (115.6474633 -32.13317333),0.0
89,C644,-32.13616,115.5999533,8/04/2021,15:35:47,Garden Island,Perth,Moderate,Top,0.0,100.0,2.75,0.50395263067897,0.0,91.0,0.0,0.0,0.0,9.0,3.0,78.0,76.0,SAV,POINT (115.5999533 -32.13616),0.0
90,C660,-32.13988667,115.6061967,8/04/2021,15:44:38,Garden Island,Perth,Good,Top,0.0,100.0,0.040816326530612,0.199914947901746,0.0,1.0,0.0,0.0,0.0,99.0,0.0,77.0,77.0,Sand,POINT (115.6061967 -32.13988667),0.0
91,C616,-32.15019167,115.6049333,8/04/2021,15:57:39,Garden Island,Perth,Good,Top,0.0,100.0,3.0,0.0,0.0,100.0,0.0,0.0,0.0,0.0,1.0,73.0,72.0,SAV,POINT (115.6049333 -32.15019167),0.0
92,C620,-32.162965,115.597515,8/04/2021,16:22:30,Garden Island,Perth,Moderate,Top,0.0,100.0,2.30769230769231,0.780609654616726,0.0,73.0,9.0,0.0,0.0,18.0,3.0,80.0,78.0,Sand,POINT (115.597515 -32.162965),0.0
93,C631,-32.16088,115.6327117,8/04/2021,16:37:35,Garden Island,Perth,Moderate,Top,0.0,100.0,0.1,0.3038218101251,0.0,0.0,0.0,0.0,0.0,100.0,0.0,71.0,71.0,Sand,POINT (115.6327117 -32.16088),0.0
94,C711,-31.53386333,115.5450067,9/04/2021,07:15:05,Two Rocks,Perth,Good,Bottom,0.0,100.0,3.0,0.0,0.0,100.0,0.0,0.0,0.0,0.0,10.0,68.0,62.0,SAV,POINT (115.5450067 -31.53386333),0.00995973641765278
95,C723,-31.53924667,115.5402217,9/04/2021,07:24:53,Two Rocks,Perth,Moderate,Bottom,0.0,100.0,1.04761904761905,0.215540268704521,0.0,33.0,0.0,0.0,0.0,67.0,0.0,67.0,67.0,Sand,POINT (115.5402217 -31.53924667),0.0981932906179262
96,C754,-31.54712167,115.5457667,9/04/2021,07:35:09,Two Rocks,Perth,Moderate,Bottom,0.0,100.0,2.02564102564103,1.01273936708367,0.0,73.0,0.0,0.0,0.0,27.0,6.0,75.0,71.0,Sand,POINT (115.5457667 -31.54712167),0.06253011631594267
97,C738,-31.54648,115.5556417,9/04/2021,07:44:55,Two Rocks,Perth,Good,Bottom,0.0,100.0,2.02222222222222,0.398228400024231,0.0,94.0,0.0,0.0,0.0,6.0,6.0,70.0,66.0,SAV,POINT (115.5556417 -31.54648),0.25217848411874627
98,C722,-31.560155,115.5747767,9/04/2021,07:58:54,Two Rocks,Perth,Moderate,Bottom,0.0,100.0,3.48275862068966,0.599455288131016,0.0,100.0,0.0,0.0,0.0,0.0,0.0,74.0,74.0,SAV,POINT (115.5747767 -31.560155),0.12491707897187343
99,C710,-31.56831667,115.5799283,9/04/2021,08:09:49,Two Rocks,Perth,Moderate,Bottom,0.0,100.0,0.0,0.0,0.0,0.0,0.0,0.0,0.0,100.0,0.0,74.0,74.0,Sand,POINT (115.5799283 -31.56831667),0.02262333329142652
100,C736,-31.57767167,115.5884667,9/04/2021,08:20:13,Two Rocks,Perth,Good,Bottom,1.25,98.75,0.108108108108108,0.314800093867678,0.0,0.0,0.0,0.0,0.0,100.0,1.0,70.0,69.0,Sand,POINT (115.5884667 -31.57767167),0.17179899709139265
101,C740,-31.54231833,115.5947067,9/04/2021,08:38:14,Two Rocks,Perth,Good,Bottom,0.0,100.0,0.175,0.384807644254793,0.0,0.0,0.0,0.0,0.0,100.0,0.0,66.0,66.0,Sand,POINT (115.5947067 -31.54231833),0.3138004867195588
102,C724,-31.54873667,115.5953233,9/04/2021,08:46:45,Two Rocks,Perth,Good,Bottom,0.0,100.0,0.075,0.266746782836918,0.0,0.0,0.0,0.0,0.0,100.0,0.0,66.0,66.0,Sand,POINT (115.5953233 -31.54873667),0.3686093988568654
103,C712,-31.55413167,115.60013,9/04/2021,08:55:23,Two Rocks,Perth,Good,Bottom,0.0,100.0,0.05,0.220721427863152,0.0,0.0,0.0,0.0,0.0,100.0,0.0,65.0,65.0,Sand,POINT (115.60013 -31.55413167),0.16255865688998952
104,C752,-31.56798167,115.6049867,9/04/2021,09:07:29,Two Rocks,Perth,Good,Bottom,0.0,100.0,0.025,0.158113883008419,0.0,0.0,0.0,0.0,0.0,100.0,0.0,65.0,65.0,Sand,POINT (115.6049867 -31.56798167),0.3197628770965447
105,C743,-31.58050833,115.6363183,9/04/2021,09:22:55,Two Rocks,Perth,Moderate,Bottom,1.25,98.75,0.025,0.158113883008419,0.0,0.0,0.0,0.0,0.0,100.0,1.0,68.0,67.0,Sand,POINT (115.6363183 -31.58050833),0.9982841299588845
106,C720,-31.56445333,115.61741,9/04/2021,09:44:10,Two Rocks,Perth,Moderate,Bottom,0.0,100.0,1.05,0.220721427863152,0.0,47.0,0.0,0.0,0.0,53.0,5.0,58.0,55.0,Sand,POINT (115.61741 -31.56445333),0.6848788638030315
107,C732,-31.55850922,115.6184858,9/04/2021,09:51:57,Two Rocks,Perth,Moderate,Bottom,0.0,100.0,0.0,0.0,0.0,0.0,0.0,0.0,0.0,100.0,0.0,53.0,53.0,Sand,POINT (115.6184858 -31.55850922),0.8068334752988063
108,C748,-31.54651833,115.6119417,9/04/2021,10:02:19,Two Rocks,Perth,Moderate,Bottom,0.0,100.0,0.342857142857143,0.481593991977935,0.0,2.0,0.0,0.0,0.0,98.0,0.0,58.0,58.0,Sand,POINT (115.6119417 -31.54651833),0.345475300145863
109,C728,-31.54438333,115.60718,9/04/2021,10:09:41,Two Rocks,Perth,Moderate,Bottom,0.0,100.0,2.81578947368421,0.392859452063192,0.0,0.0,91.0,0.0,0.0,9.0,13.0,53.0,47.0,SAV,POINT (115.60718 -31.54438333),0.12796169624638626
110,C716,-31.53674,115.60527,9/04/2021,10:18:30,Two Rocks,Perth,Moderate,Bottom,0.0,100.0,1.71698113207547,1.37808895674919,0.0,44.0,0.0,0.0,0.0,56.0,3.0,66.0,64.0,Sand,POINT (115.60527 -31.53674),0.9638068723289032
111,C747,-31.51033167,115.5872167,9/04/2021,10:48:17,Two Rocks,Perth,Moderate,Bottom,0.0,100.0,2.82352941176471,0.386952994975947,0.0,55.0,30.0,0.0,0.0,15.0,145.0,49.0,20.0,SAV,POINT (115.5872167 -31.51033167),0.9663423489881953
112,C741,-31.503385,115.5687783,9/04/2021,10:59:53,Two Rocks,Perth,Moderate,Bottom,0.0,100.0,3.0,0.0,0.0,96.0,0.0,4.0,0.0,0.0,13.0,61.0,54.0,SAV,POINT (115.5687783 -31.503385),0.16599670348671028
113,C726,-31.51470333,115.568525,9/04/2021,11:09:45,Two Rocks,Perth,Moderate,Bottom,0.0,100.0,3.0,0.0,0.0,100.0,0.0,0.0,0.0,0.0,0.0,64.0,64.0,SAV,POINT (115.568525 -31.51470333),0.22395873756859697
114,C703,-31.52900333,115.5784283,9/04/2021,11:21:09,Two Rocks,Perth,Moderate,Bottom,0.0,100.0,0.24390243902439,0.434769352926241,0.0,13.0,0.0,0.0,0.0,87.0,0.0,55.0,55.0,Sand,POINT (115.5784283 -31.52900333),0.3952464680437083
115,C731,-31.53722333,115.5718517,9/04/2021,11:31:00,Two Rocks,Perth,Moderate,Bottom,0.0,100.0,3.0,0.0,0.0,100.0,0.0,0.0,0.0,0.0,43.0,67.0,47.0,SAV,POINT (115.5718517 -31.53722333),0.134154582877978
116,C742,-31.533715,115.5570117,9/04/2021,11:41:49,Two Rocks,Perth,Good,Bottom,0.0,100.0,0.025,0.158113883008419,0.0,0.0,0.0,0.0,0.0,100.0,0.0,71.0,71.0,Sand,POINT (115.5570117 -31.533715),0.017704933269088837
117,C755,-31.52319667,115.5452917,9/04/2021,11:51:55,Two Rocks,Perth,Moderate,Bottom,1.31578947368421,98.6842105263158,3.05454545454545,0.229183883650776,8.0,92.0,0.0,0.0,0.0,0.0,3.0,67.0,65.0,SAV,POINT (115.5452917 -31.52319667),0.05827799115844177
118,C707,-31.529715,115.5293633,9/04/2021,12:04:46,Two Rocks,Perth,Moderate,Bottom,0.0,100.0,1.175,0.957761813974483,0.0,30.0,0.0,0.0,0.0,70.0,2.0,62.0,61.0,Sand,POINT (115.5293633 -31.529715),0.03981919764249326
119,C735,-31.5206,115.5243133,9/04/2021,12:14:24,Two Rocks,Perth,Good,Bottom,1.25,98.75,1.07317073170732,0.411718587292281,0.0,43.0,0.0,0.0,0.0,57.0,4.0,56.0,54.0,Sand,POINT (115.5243133 -31.5206),0.06253011631594267
120,C739,-31.515455,115.5342567,9/04/2021,12:31:35,Two Rocks,Perth,Good,Bottom,0.0,100.0,3.0,0.0,0.0,100.0,0.0,0.0,0.0,0.0,0.0,74.0,74.0,SAV,POINT (115.5342567 -31.515455),0.7001692130766497
121,C709,-31.50301333,115.5411833,9/04/2021,12:41:51,Two Rocks,Perth,Good,Bottom,0.0,100.0,0.9,0.632455532033676,0.0,20.0,0.0,0.0,0.0,80.0,0.0,64.0,64.0,Sand,POINT (115.5411833 -31.50301333),0.12390992017121305
122,C721,-31.49971,115.5352067,9/04/2021,12:50:00,Two Rocks,Perth,Good,Bottom,1.23456790123457,98.7654320987654,0.0,0.0,0.0,0.0,0.0,0.0,0.0,100.0,1.0,77.0,76.0,Sand,POINT (115.5352067 -31.49971),0.11021780843513894
123,C713,-31.49556,115.557625,9/04/2021,13:02:04,Two Rocks,Perth,Moderate,Bottom,0.0,100.0,1.97435897435897,1.13525280020701,9.0,21.0,0.0,0.0,0.0,70.0,11.0,59.0,53.0,Sand,POINT (115.557625 -31.49556),0.5866604191952186
124,C725,-31.48859,115.561305,9/04/2021,13:10:33,Two Rocks,Perth,Moderate,Bottom,0.0,100.0,3.0,0.0,0.0,46.0,54.0,0.0,0.0,0.0,44.0,56.0,39.0,SAV,POINT (115.561305 -31.48859),0.08019412727592311
125,C702,-31.48340167,115.5683167,9/04/2021,13:18:53,Two Rocks,Perth,Moderate,Bottom,0.0,100.0,1.15,1.16684980247608,0.0,24.0,0.0,0.0,0.0,76.0,27.0,62.0,49.0,Sand,POINT (115.5683167 -31.48340167),0.0008368043214116211
126,C730,-31.48399333,115.5715617,9/04/2021,13:26:41,Two Rocks,Perth,Moderate,Bottom,0.0,100.0,0.2,0.410391340834062,0.0,2.0,0.0,0.0,0.0,98.0,0.0,52.0,52.0,Sand,POINT (115.5715617 -31.48399333),0.6974160090847317
127,C757,-31.46927833,115.5570783,9/04/2021,13:38:37,Two Rocks,Perth,Moderate,Bottom,0.0,100.0,3.0,0.0,0.0,100.0,0.0,0.0,0.0,0.0,0.0,68.0,68.0,SAV,POINT (115.5570783 -31.46927833),0.13835947041357574
128,C746,-31.46683833,115.54673,9/04/2021,13:49:11,Two Rocks,Perth,Moderate,Bottom,0.0,100.0,3.0,0.0,3.0,97.0,0.0,0.0,0.0,0.0,59.0,59.0,37.0,SAV,POINT (115.54673 -31.46683833),0.008568668532287988
129,C753,-31.46375167,115.5608983,9/04/2021,14:00:09,Two Rocks,Perth,Moderate,Bottom,0.0,100.0,3.0,0.0,0.0,6.0,94.0,0.0,0.0,0.0,94.0,66.0,34.0,SAV,POINT (115.5608983 -31.46375167),0.971198439445528
130,C718,-31.44883667,115.5312767,9/04/2021,14:28:39,Two Rocks,Perth,Moderate,Bottom,0.0,100.0,2.41860465116279,0.731357450861227,0.0,69.0,0.0,0.0,0.0,31.0,9.0,70.0,64.0,Sand,POINT (115.5312767 -31.44883667),0.014065756200647773
131,C734,-31.46276667,115.5218417,9/04/2021,14:41:31,Two Rocks,Perth,Moderate,Bottom,0.0,100.0,2.06666666666667,1.30384048104053,0.0,53.0,0.0,9.0,0.0,39.0,0.0,70.0,70.0,Sand,POINT (115.5218417 -31.46276667),0.42382480556700775
132,C750,-31.467885,115.51719,9/04/2021,14:50:25,Two Rocks,Perth,Moderate,Bottom,0.0,100.0,3.25,0.436435780471985,0.0,100.0,0.0,0.0,0.0,0.0,3.0,76.0,74.0,SAV,POINT (115.51719 -31.467885),0.23588866841253972
133,C701,-31.47251,115.5302217,9/04/2021,15:00:50,Two Rocks,Perth,Good,Bottom,0.0,100.0,0.05,0.220721427863152,0.0,0.0,0.0,0.0,0.0,100.0,0.0,63.0,63.0,Sand,POINT (115.5302217 -31.47251),0.3152877764162413
134,C705,-31.47656167,115.5308933,9/04/2021,15:09:49,Two Rocks,Perth,Moderate,Bottom,1.25,98.75,3.0,0.0,0.0,100.0,0.0,0.0,0.0,0.0,21.0,47.0,39.0,SAV,POINT (115.5308933 -31.47656167),0.021761849192185566
135,C745,-31.48099667,115.5329183,9/04/2021,15:17:46,Two Rocks,Perth,Moderate,Bottom,0.0,100.0,3.0,0.0,0.0,100.0,0.0,0.0,0.0,0.0,0.0,65.0,65.0,SAV,POINT (115.5329183 -31.48099667),0.21356914406100203
136,C715,-31.478775,115.5111017,9/04/2021,15:29:19,Two Rocks,Perth,Moderate,Bottom,0.0,100.0,0.80952380952381,0.916996561902623,0.0,4.0,0.0,0.0,0.0,96.0,13.0,77.0,68.0,Sand,POINT (115.5111017 -31.478775),0.06618638476276692
137,C729,-31.484735,115.5177417,9/04/2021,15:38:10,Two Rocks,Perth,Moderate,Bottom,0.0,100.0,3.0,0.0,0.0,100.0,0.0,0.0,0.0,0.0,31.0,47.0,36.0,SAV,POINT (115.5177417 -31.484735),0.08431866638740995
138,C733,-31.49068167,115.5116317,9/04/2021,15:47:38,Two Rocks,Perth,Moderate,Bottom,0.0,100.0,0.933333333333333,0.253708131702462,0.0,26.0,0.0,0.0,0.0,74.0,0.0,50.0,50.0,Sand,POINT (115.5116317 -31.49068167),0.4623088968648854
139,C727,-31.49454,115.5038817,9/04/2021,15:57:51,Two Rocks,Perth,Moderate,Bottom,0.0,100.0,2.1,0.758855762952036,0.0,76.0,0.0,0.0,0.0,24.0,7.0,44.0,41.0,Sand,POINT (115.5038817 -31.49454),0.01145535271800035
140,C717,-31.50036667,115.5157517,9/04/2021,16:08:12,Two Rocks,Perth,Moderate,Bottom,0.0,100.0,0.133333333333333,0.34574590364176,0.0,0.0,0.0,0.0,0.0,100.0,0.0,66.0,66.0,Sand,POINT (115.5157517 -31.50036667),0.008041518061445966
141,C749,-31.49722,115.5385983,9/04/2021,16:20:57,Two Rocks,Perth,Moderate,Bottom,1.66666666666667,98.3333333333333,1.33333333333333,1.02833421822276,0.0,53.0,0.0,0.0,0.0,47.0,4.0,49.0,47.0,Sand,POINT (115.5385983 -31.49722),0.013055500643423867
142,C844,-31.10292833,115.3385367,10/04/2021,07:06:52,Lancelin,,Good,Top,0.0,100.0,2.80327868852459,0.542207590354701,0.0,100.0,0.0,0.0,0.0,0.0,4.0,72.0,69.0,SAV,POINT (115.3385367 -31.10292833),0.09000160798915004
143,C821,-31.09676667,115.3312033,10/04/2021,07:16:17,Lancelin,,Good,Top,0.0,100.0,3.0,0.0,0.0,100.0,0.0,0.0,0.0,0.0,4.0,75.0,72.0,SAV,POINT (115.3312033 -31.09676667),0.07387262773878105
144,C860,-31.092555,115.3248317,10/04/2021,07:24:17,Lancelin,,Good,Top,0.0,100.0,3.0,0.0,0.0,100.0,0.0,0.0,0.0,0.0,0.0,71.0,71.0,SAV,POINT (115.3248317 -31.092555),0.05587389256984143
145,C836,-31.08121833,115.3101617,10/04/2021,07:36:51,Lancelin,,Moderate,Top,0.0,100.0,2.98,0.14142135623731,0.0,99.0,0.0,0.0,0.0,1.0,19.0,80.0,67.0,SAV,POINT (115.3101617 -31.08121833),0.0916381714550912
146,C841,-31.06847167,115.3153183,10/04/2021,07:47:56,Lancelin,,Good,Top,0.0,100.0,0.0,0.0,0.0,0.0,0.0,0.0,0.0,100.0,0.0,71.0,71.0,Sand,POINT (115.3153183 -31.06847167),0.20640771858744114
147,C856,-31.047195,115.30472,10/04/2021,08:03:00,Lancelin,,Good,Top,0.0,100.0,0.866666666666667,0.342803331800882,0.0,21.0,0.0,0.0,0.0,79.0,31.0,80.0,61.0,Sand,POINT (115.30472 -31.047195),0.22625745243396297
148,C852,-31.03603,115.2965117,10/04/2021,08:13:40,Lancelin,,Good,Top,0.0,100.0,0.096153846153846,0.297678296192606,0.0,13.0,0.0,0.0,0.0,87.0,0.0,76.0,76.0,Sand,POINT (115.2965117 -31.03603),0.13122129318466752
149,C840,-31.02772333,115.2818633,10/04/2021,08:26:34,Lancelin,,Moderate,Top,0.0,100.0,2.88235294117647,0.431140757689616,0.0,97.0,0.0,1.0,0.0,1.0,7.0,72.0,67.0,SAV,POINT (115.2818633 -31.02772333),0.021794555099263285
150,C809,-31.02825167,115.29123,10/04/2021,08:39:07,Lancelin,,Moderate,Top,0.0,100.0,1.88,0.328260722659316,0.0,80.0,0.0,0.0,0.0,20.0,15.0,75.0,65.0,Sand,POINT (115.29123 -31.02825167),0.08617231183819175
151,C824,-31.03139333,115.3015783,10/04/2021,08:51:33,Lancelin,,Moderate,Top,0.0,100.0,0.314814814814815,0.77274502309609,0.0,1.0,0.0,0.0,0.0,99.0,0.0,79.0,79.0,Sand,POINT (115.3015783 -31.03139333),0.11998843187895249
152,C845,-31.04238,115.3196483,10/04/2021,09:08:45,Lancelin,,Moderate,Top,0.0,100.0,2.94,0.239897937482095,0.0,96.0,0.0,0.0,0.0,4.0,0.0,75.0,75.0,SAV,POINT (115.3196483 -31.04238),0.17881171914957322
153,C857,-31.06628333,115.3314983,10/04/2021,09:20:45,Lancelin,,Moderate,Top,0.0,100.0,2.5,0.92973478995949,0.0,100.0,0.0,0.0,0.0,0.0,6.0,74.0,70.0,SAV,POINT (115.3314983 -31.06628333),0.14216502338788803
154,C833,-31.08288667,115.3407883,10/04/2021,09:39:54,Lancelin,,Moderate,Top,0.0,100.0,2.97777777777778,0.149071198499986,0.0,100.0,0.0,0.0,0.0,0.0,14.0,74.0,65.0,SAV,POINT (115.3407883 -31.08288667),0.11696577184144627
155,C849,-31.09109167,115.3512467,10/04/2021,09:53:21,Lancelin,,Moderate,Top,0.0,100.0,0.0,0.0,0.0,0.0,0.0,0.0,0.0,100.0,0.0,80.0,80.0,Sand,POINT (115.3512467 -31.09109167),0.2091104116468297
156,C828,-31.096465,115.3556117,10/04/2021,10:03:43,Lancelin,,Moderate,Top,0.0,100.0,0.15,0.36162028533979,0.0,0.0,0.0,0.0,0.0,100.0,10.0,80.0,73.0,Sand,POINT (115.3556117 -31.096465),0.2758239582950999
157,C806,-31.08655333,115.3583333,10/04/2021,13:39:50,Lancelin,,Moderate,Top,0.0,100.0,3.0,0.0,0.0,100.0,0.0,0.0,0.0,0.0,13.0,60.0,53.0,SAV,POINT (115.3583333 -31.08655333),0.4461688654194082
158,C814,-31.05439667,115.3356133,10/04/2021,11:11:07,Lancelin,,Moderate,Top,0.0,100.0,2.38636363636364,0.920462701918811,2.0,95.0,0.0,0.0,0.0,3.0,0.0,66.0,66.0,SAV,POINT (115.3356133 -31.05439667),0.2206846208252954
159,C810,-31.05027653,115.3363025,10/04/2021,11:18:57,Lancelin,,Moderate,Top,0.0,100.0,3.0,0.0,0.0,100.0,0.0,0.0,0.0,0.0,12.0,64.0,57.0,SAV,POINT (115.3363025 -31.05027653),0.22656872935094413
160,C837,-31.04435833,115.33887,10/04/2021,11:32:11,Lancelin,,Moderate,Top,0.0,100.0,2.74193548387097,0.575484835333586,0.0,0.0,83.0,0.0,0.0,17.0,90.0,78.0,41.0,SAV,POINT (115.33887 -31.04435833),0.9962339198133335
161,C861,-31.02742,115.3203833,10/04/2021,12:06:30,Lancelin,,Moderate,Top,0.0,100.0,3.0,0.0,0.0,100.0,0.0,0.0,0.0,0.0,40.0,66.0,47.0,SAV,POINT (115.3203833 -31.02742),0.013185684378535435
162,C832,-31.01125833,115.3174817,10/04/2021,12:22:18,Lancelin,,Moderate,Top,0.0,100.0,2.93877551020408,0.242226070825902,0.0,99.0,0.0,0.0,0.0,1.0,4.0,74.0,71.0,SAV,POINT (115.3174817 -31.01125833),0.24781559258534894
163,C804,-31.00661333,115.30486,10/04/2021,12:32:46,Lancelin,,Moderate,Top,1.25,98.75,2.90196078431373,0.300326619585032,0.0,95.0,0.0,0.0,0.0,5.0,17.0,76.0,65.0,SAV,POINT (115.30486 -31.00661333),0.19838993607573419
164,C858,-30.98902276,115.3078973,10/04/2021,12:45:03,Lancelin,,Moderate,Top,0.0,100.0,2.43859649122807,1.01800827704411,0.0,80.0,0.0,0.0,0.0,20.0,10.0,77.0,70.0,Sand,POINT (115.3078973 -30.98902276),0.4268685904869295
165,C842,-30.977765,115.3049633,10/04/2021,12:55:10,Lancelin,,Moderate,Top,0.0,100.0,2.6734693877551,0.774267263881386,0.0,100.0,0.0,0.0,0.0,0.0,5.0,61.0,58.0,SAV,POINT (115.3049633 -30.977765),0.5293259110944654
166,C811,-30.97237,115.2923083,10/04/2021,13:21:28,Lancelin,,Moderate,Top,0.0,100.0,2.17241379310345,1.02833421822276,0.0,100.0,0.0,0.0,0.0,0.0,1.0,74.0,73.0,SAV,POINT (115.2923083 -30.97237),0.2671374171220702
167,C839,-30.96573,115.291995,10/04/2021,13:30:49,Lancelin,,Moderate,Top,0.0,100.0,0.333333333333333,0.738548945875996,0.0,10.0,0.0,0.0,0.0,90.0,0.0,80.0,80.0,Sand,POINT (115.291995 -30.96573),0.48113383006341115
168,C847,-30.92231333,115.2644583,10/04/2021,14:17:51,Lancelin,,Moderate,Top,0.0,100.0,2.0188679245283,1.20081007974002,0.0,62.0,0.0,0.0,0.0,38.0,3.0,76.0,74.0,Sand,POINT (115.2644583 -30.92231333),0.26283283818722025
169,C850,-30.926995,115.259455,10/04/2021,14:26:07,Lancelin,,Moderate,Top,0.0,100.0,2.75925925925926,0.671106807155733,0.0,56.0,0.0,0.0,0.0,44.0,0.0,68.0,68.0,Sand,POINT (115.259455 -30.926995),0.2543031428573669
170,C807,-30.94221833,115.2500917,10/04/2021,14:36:38,Lancelin,,Moderate,Top,0.0,100.0,1.0,0.285714285714286,0.0,28.0,0.0,0.0,0.0,72.0,0.0,74.0,74.0,Sand,POINT (115.2500917 -30.94221833),0.20045552322571966
171,C843,-30.94887667,115.264345,10/04/2021,14:47:12,Lancelin,,Good,Top,0.0,100.0,3.0,0.0,0.0,100.0,0.0,0.0,0.0,0.0,4.0,80.0,77.0,SAV,POINT (115.264345 -30.94887667),0.23188713048674975
172,C822,-30.95858833,115.2558283,10/04/2021,14:57:05,Lancelin,,Good,Top,0.0,100.0,0.15,0.360084735790276,0.0,4.0,0.0,0.0,0.0,96.0,0.0,80.0,80.0,Sand,POINT (115.2558283 -30.95858833),0.1577427509028502
173,C859,-30.95728,115.2762833,10/04/2021,15:08:19,Lancelin,,Good,Top,0.0,100.0,0.025,0.158113883008419,0.0,0.0,0.0,0.0,0.0,100.0,0.0,71.0,71.0,Sand,POINT (115.2762833 -30.95728),0.432913622785955
174,C812,-30.96652,115.2670083,10/04/2021,15:17:55,Lancelin,,Good,Top,0.0,100.0,0.0,0.0,0.0,0.0,0.0,0.0,0.0,100.0,0.0,80.0,80.0,Sand,POINT (115.2670083 -30.96652),0.22656872935094446
175,C834,-30.98195333,115.26003,10/04/2021,15:28:48,Lancelin,,Moderate,Top,0.0,100.0,2.87037037037037,0.339049520304525,3.0,97.0,0.0,0.0,0.0,0.0,3.0,78.0,76.0,SAV,POINT (115.26003 -30.98195333),0.07517272876198558
176,C815,-30.98211167,115.26651,10/04/2021,15:37:29,Lancelin,,Moderate,Top,0.0,100.0,2.66666666666667,0.516397779494322,0.0,90.0,0.0,0.0,0.0,10.0,0.0,71.0,71.0,SAV,POINT (115.26651 -30.98211167),0.12163121112994131
177,C846,-30.984,115.274535,10/04/2021,15:45:52,Lancelin,,Good,Top,0.0,100.0,0.345454545454545,0.479898979268586,0.0,10.0,0.0,0.0,0.0,90.0,0.0,80.0,80.0,Sand,POINT (115.274535 -30.984),0.16121584582334125
178,C854,-30.98838,115.286485,10/04/2021,15:55:31,Lancelin,,Good,Top,4.8780487804878,95.1219512195122,3.01639344262295,0.222995013299141,0.0,100.0,0.0,0.0,0.0,0.0,15.0,78.0,68.0,SAV,POINT (115.286485 -30.98838),0.12092586280768497
179,C808,-30.99762833,115.2839467,10/04/2021,16:04:20,Lancelin,,Moderate,Top,0.0,100.0,0.627450980392157,0.823669455879614,0.0,30.0,0.0,0.0,0.0,70.0,0.0,71.0,71.0,Sand,POINT (115.2839467 -30.99762833),0.2197614053215932
180,C851,-31.00121667,115.27129,10/04/2021,16:13:58,Lancelin,,Moderate,Top,0.0,100.0,2.88461538461538,0.322602539032236,0.0,100.0,0.0,0.0,0.0,0.0,11.0,72.0,65.0,SAV,POINT (115.27129 -31.00121667),0.09875310928773591
181,C819,-31.00749333,115.2902933,10/04/2021,16:24:52,Lancelin,,Moderate,Top,0.0,100.0,0.0,0.0,0.0,0.0,0.0,0.0,0.0,100.0,0.0,73.0,73.0,Sand,POINT (115.2902933 -31.00749333),0.4189511007311659
182,C862,-31.01761667,115.2938817,10/04/2021,16:33:49,Lancelin,,Moderate,Top,0.0,100.0,0.025,0.158113883008419,0.0,0.0,0.0,0.0,0.0,100.0,0.0,80.0,80.0,Sand,POINT (115.2938817 -31.01761667),0.21853295326849362
183,C906,-30.65547167,115.0855633,15/04/2021,07:31:51,Cervantes,,Good,Top,0.0,100.0,3.0,0.0,0.0,100.0,0.0,0.0,0.0,0.0,6.0,76.0,72.0,SAV,POINT (115.0855633 -30.65547167),0.10822453154050514
184,C921,-30.63858333,115.0549567,15/04/2021,07:47:42,Cervantes,,Moderate,Top,0.0,100.0,2.35185185185185,0.872156455745409,1.0,83.0,0.0,0.0,0.0,15.0,3.0,74.0,72.0,SAV,POINT (115.0549567 -30.63858333),0.10854010453973306
185,C937,-30.64047,115.0761833,15/04/2021,07:59:30,Cervantes,,Good,Top,0.0,100.0,0.872727272727273,0.81773276116765,0.0,22.0,0.0,0.0,0.0,78.0,0.0,79.0,79.0,Sand,POINT (115.0761833 -30.64047),0.4702547626968581
186,C913,-30.62999833,115.0720583,15/04/2021,08:09:16,Cervantes,,Good,Top,0.0,100.0,3.0,0.0,1.0,99.0,0.0,0.0,0.0,0.0,0.0,76.0,76.0,SAV,POINT (115.0720583 -30.62999833),0.0720391728511045
187,C902,-30.63580667,115.089685,15/04/2021,08:20:52,Cervantes,,Moderate,Top,0.0,100.0,2.42857142857143,0.889756521002609,0.0,83.0,0.0,0.0,0.0,17.0,12.0,73.0,65.0,SAV,POINT (115.089685 -30.63580667),0.13380184144516238
188,C930,-30.64343667,115.1043617,15/04/2021,08:31:43,Cervantes,,Moderate,Top,0.0,100.0,0.0,0.0,0.0,0.0,0.0,0.0,0.0,100.0,0.0,80.0,80.0,Sand,POINT (115.1043617 -30.64343667),0.5347418034477086
189,C946,-30.63710833,115.108085,15/04/2021,08:39:28,Cervantes,,Moderate,Top,0.0,100.0,0.075,0.266746782836918,0.0,0.0,0.0,0.0,0.0,100.0,0.0,70.0,70.0,Sand,POINT (115.108085 -30.63710833),0.5331394402542258
190,C928,-30.64100333,115.1103817,15/04/2021,08:46:47,Cervantes,,Moderate,Top,0.0,100.0,2.61111111111111,0.760940033090198,0.0,81.0,0.0,0.0,0.0,19.0,3.0,80.0,78.0,SAV,POINT (115.1103817 -30.64100333),0.1380182483514262
191,C916,-30.65763833,115.1188583,15/04/2021,08:58:29,Cervantes,,Moderate,Top,0.0,100.0,0.25,0.438529009653515,0.0,2.0,2.0,0.0,0.0,96.0,0.0,51.0,51.0,Sand,POINT (115.1188583 -30.65763833),0.5715809422219341
192,C956,-30.656105,115.115605,15/04/2021,09:06:30,Cervantes,,Moderate,Top,0.0,100.0,0.5,0.640512615220349,0.0,15.0,0.0,0.0,0.0,85.0,1.0,76.0,75.0,Sand,POINT (115.115605 -30.656105),0.5700039626738205
193,C934,-30.65388667,115.106675,15/04/2021,09:18:33,Cervantes,,Moderate,Top,0.0,100.0,1.325,1.04727974858434,0.0,25.0,19.0,0.0,0.0,56.0,16.0,74.0,64.0,Sand,POINT (115.106675 -30.65388667),0.4842621526466231
194,C917,-30.62410167,115.08937,15/04/2021,10:04:23,Cervantes,,Moderate,Top,0.0,100.0,2.98,0.14142135623731,0.0,15.0,85.0,0.0,0.0,0.0,61.0,66.0,41.0,SAV,POINT (115.08937 -30.62410167),0.24537184738238182
195,C933,-30.619815,115.0823917,15/04/2021,10:28:03,Cervantes,,Moderate,Top,0.0,100.0,1.9622641509434,0.649326993330058,0.0,0.0,70.0,0.0,0.0,30.0,14.0,73.0,64.0,Sand,POINT (115.0823917 -30.619815),0.3091549376766894
196,C949,-30.615845,115.0822167,15/04/2021,10:35:40,Cervantes,,Moderate,Top,0.0,100.0,0.0,0.0,0.0,0.0,0.0,0.0,0.0,100.0,0.0,80.0,80.0,Sand,POINT (115.0822167 -30.615845),0.3352245838590576
197,C941,-30.61169667,115.06855,15/04/2021,10:44:46,Cervantes,,Moderate,Top,0.0,100.0,3.05454545454545,0.229183883650776,0.0,100.0,0.0,0.0,0.0,0.0,4.0,76.0,73.0,SAV,POINT (115.06855 -30.61169667),0.2057942377476772
198,C957,-30.60322,115.0651367,15/04/2021,10:53:26,Cervantes,,Moderate,Top,0.0,100.0,2.85714285714286,0.426842613825313,0.0,66.0,32.0,0.0,0.0,1.0,4.0,80.0,77.0,SAV,POINT (115.0651367 -30.60322),0.14481904842320392
199,C925,-30.60289833,115.0623733,15/04/2021,11:01:24,Cervantes,,Moderate,Top,0.0,100.0,2.78333333333333,0.691146595028297,1.0,99.0,0.0,0.0,0.0,0.0,3.0,70.0,68.0,SAV,POINT (115.0623733 -30.60289833),0.12353062879091621
200,C908,-30.59984167,115.0975483,15/04/2021,11:32:46,Cervantes,,Moderate,Top,0.0,100.0,0.0,0.0,0.0,0.0,0.0,0.0,0.0,100.0,0.0,65.0,65.0,Sand,POINT (115.0975483 -30.59984167),0.6412734926483088
201,C912,-30.59763,115.0430867,15/04/2021,12:27:19,Cervantes,,Moderate,Top,0.0,100.0,0.0,0.0,0.0,2.0,0.0,0.0,0.0,98.0,0.0,80.0,80.0,Sand,POINT (115.0430867 -30.59763),0.18874380035360977
202,C911,-30.58906333,115.051895,15/04/2021,12:40:50,Cervantes,,Moderate,Top,0.0,100.0,3.0,0.0,0.0,100.0,0.0,0.0,0.0,0.0,11.0,39.0,35.0,SAV,POINT (115.051895 -30.58906333),0.10571584721520642
203,C951,-30.593315,115.0559367,15/04/2021,12:49:05,Cervantes,,Moderate,Top,3.03030303030303,96.969696969697,3.0,0.0,0.0,100.0,0.0,0.0,0.0,0.0,7.0,77.0,72.0,SAV,POINT (115.0559367 -30.593315),0.31212935715319073
204,C903,-30.580155,115.0636283,15/04/2021,13:06:34,Cervantes,,Good,Top,0.0,100.0,2.98181818181818,0.134839972492648,0.0,40.0,60.0,0.0,0.0,0.0,3.0,74.0,72.0,SAV,POINT (115.0636283 -30.580155),0.35465938221614
205,C931,-30.58147,115.0671817,15/04/2021,13:15:30,Cervantes,,Moderate,Top,0.0,100.0,0.425,0.500640615253123,0.0,18.0,0.0,0.0,0.0,82.0,0.0,71.0,71.0,Sand,POINT (115.0671817 -30.58147),0.9866692873289462
206,C926,-30.579705,115.0747467,15/04/2021,13:25:01,Cervantes,,Moderate,Top,0.0,100.0,3.0,0.0,0.0,0.0,100.0,0.0,0.0,0.0,59.0,65.0,41.0,SAV,POINT (115.0747467 -30.579705),0.17786886289081144
207,C959,-30.57473667,115.085815,15/04/2021,13:45:00,Cervantes,,Moderate,Top,0.0,100.0,3.0,0.0,0.0,0.0,100.0,0.0,0.0,0.0,0.0,76.0,76.0,SAV,POINT (115.085815 -30.57473667),0.3733304349681268
208,C958,-30.571935,115.0717,15/04/2021,13:53:58,Cervantes,,Moderate,Top,0.0,100.0,0.975,0.891196257415149,0.0,2.0,26.0,0.0,0.0,72.0,12.0,73.0,65.0,Sand,POINT (115.0717 -30.571935),0.7761594703517304
209,C942,-30.57533833,115.072115,15/04/2021,14:00:54,Cervantes,,Good,Top,0.0,100.0,0.0,0.0,0.0,0.0,0.0,0.0,0.0,100.0,0.0,80.0,80.0,Sand,POINT (115.072115 -30.57533833),0.9969602764170028
210,C907,-30.57493,115.0614733,15/04/2021,14:10:13,Cervantes,,Moderate,Top,0.0,100.0,3.0,0.0,0.0,100.0,0.0,0.0,0.0,0.0,6.0,74.0,70.0,SAV,POINT (115.0614733 -30.57493),0.07255748867149373
211,C920,-30.56153167,115.0410167,15/04/2021,14:52:59,Cervantes,,Moderate,Top,0.0,100.0,0.622641509433962,0.96529021332247,0.0,14.0,0.0,0.0,0.0,86.0,1.0,80.0,79.0,Sand,POINT (115.0410167 -30.56153167),0.35672215299499677
212,C915,-30.55322167,115.0888,15/04/2021,15:26:24,Cervantes,,Moderate,Top,0.0,100.0,3.0,0.0,0.0,0.0,100.0,0.0,0.0,0.0,49.0,67.0,45.0,SAV,POINT (115.0888 -30.55322167),0.04209308358030307
213,C955,-30.547325,115.089735,15/04/2021,15:45:41,Cervantes,,Moderate,Top,0.0,100.0,0.0,0.0,0.0,0.0,0.0,0.0,0.0,100.0,0.0,71.0,71.0,Sand,POINT (115.089735 -30.547325),0.9723621591961198
214,C936,-30.54425333,115.0428983,15/04/2021,16:23:33,Cervantes,,Moderate,Top,0.0,100.0,2.69565217391304,0.627855794391295,0.0,100.0,0.0,0.0,0.0,0.0,10.0,74.0,67.0,SAV,POINT (115.0428983 -30.54425333),0.09626288936137276
215,C1027,-30.29801333,114.9744783,16/04/2021,07:00:02,Jurien,,Moderate,Top,0.0,100.0,1.77777777777778,0.420437482591261,0.0,100.0,0.0,0.0,0.0,0.0,5.0,62.0,59.0,SAV,POINT (114.9744783 -30.29801333),0.17488713388673124
216,C1031,-30.29135667,114.9781167,16/04/2021,07:09:17,Jurien,,Moderate,Top,0.0,100.0,1.21818181818182,0.629253204965693,0.0,41.0,0.0,0.0,0.0,59.0,0.0,79.0,79.0,Sand,POINT (114.9781167 -30.29135667),0.4423911546631678
217,C1016,-30.290695,114.98341,16/04/2021,07:16:55,Jurien,,Moderate,Top,0.0,100.0,2.35087719298246,1.02628365735961,0.0,0.0,96.0,0.0,0.0,4.0,7.0,80.0,75.0,SAV,POINT (114.98341 -30.290695),0.1517767276122719
218,C1034,-30.289315,114.99367,16/04/2021,07:25:59,Jurien,,Moderate,Top,0.0,100.0,1.76470588235294,1.350381209794,0.0,5.0,44.0,0.0,0.0,51.0,0.0,80.0,80.0,Sand,POINT (114.99367 -30.289315),0.20433585636658977
219,C1007,-30.28222333,115.0040833,16/04/2021,07:35:37,Jurien,,Moderate,Top,0.0,100.0,0.0,0.0,0.0,0.0,0.0,0.0,0.0,100.0,0.0,75.0,75.0,Sand,POINT (115.0040833 -30.28222333),0.830378903540881
220,C1018,-30.27805833,114.99677,16/04/2021,07:44:50,Jurien,,Moderate,Top,0.0,100.0,1.29545454545455,0.823479443116021,0.0,49.0,0.0,0.0,0.0,51.0,0.0,79.0,79.0,Sand,POINT (114.99677 -30.27805833),0.2827113272990892
221,C1003,-30.28030333,114.98545,16/04/2021,07:53:28,Jurien,,Moderate,Top,0.0,100.0,2.94545454545455,0.229183883650776,0.0,100.0,0.0,0.0,0.0,0.0,4.0,80.0,77.0,SAV,POINT (114.98545 -30.28030333),0.14370794677361734
222,C1047,-30.27760167,114.983985,16/04/2021,08:01:10,Jurien,,Good,Top,0.0,100.0,0.583333333333333,0.498223795452014,0.0,3.0,0.0,0.0,0.0,97.0,0.0,78.0,78.0,Sand,POINT (114.983985 -30.27760167),0.243586301985728
223,C1063,-30.28428833,114.9628167,16/04/2021,08:13:04,Jurien,,Moderate,Top,0.0,100.0,0.0,0.0,0.0,0.0,0.0,0.0,0.0,100.0,0.0,80.0,80.0,Sand,POINT (114.9628167 -30.28428833),0.2097669516886713
224,C1043,-30.27463167,114.9624417,16/04/2021,08:21:53,Jurien,,Moderate,Top,0.0,100.0,2.4,0.63887656499994,0.0,16.0,57.0,0.0,0.0,27.0,18.0,66.0,56.0,Sand,POINT (114.9624417 -30.27463167),0.1785733652815233
225,C1048,-30.26510333,114.970875,16/04/2021,08:33:06,Jurien,,Moderate,Top,0.0,100.0,3.0,0.0,0.0,100.0,0.0,0.0,0.0,0.0,0.0,76.0,76.0,SAV,POINT (114.970875 -30.26510333),0.12346148945964078
226,C1032,-30.26211667,114.9796367,16/04/2021,08:41:59,Jurien,,Moderate,Top,0.0,100.0,2.0,0.260377821961648,0.0,82.0,0.0,0.0,0.0,18.0,1.0,81.0,80.0,SAV,POINT (114.9796367 -30.26211667),0.1662708013109943
227,C1024,-30.24206333,114.965105,16/04/2021,09:11:45,Jurien,,Moderate,Top,0.0,100.0,0.0,0.0,0.0,0.0,0.0,0.0,0.0,100.0,0.0,67.0,67.0,Sand,POINT (114.965105 -30.24206333),0.14792924991269707
228,C1052,-30.22850167,114.9658883,16/04/2021,09:29:19,Jurien,,Good,Top,0.0,100.0,0.0,0.0,0.0,0.0,0.0,0.0,0.0,100.0,0.0,79.0,79.0,Sand,POINT (114.9658883 -30.22850167),0.1970282662047175
229,C1040,-30.22125667,114.9683717,16/04/2021,09:37:41,Jurien,,Moderate,Top,0.0,100.0,3.0,0.0,0.0,88.0,12.0,0.0,0.0,0.0,2.0,66.0,65.0,SAV,POINT (114.9683717 -30.22125667),0.06012471153919804
230,C1056,-30.22514167,114.98005,16/04/2021,09:47:36,Jurien,,Moderate,Top,0.0,100.0,2.42307692307692,0.723449087498292,0.0,60.0,0.0,0.0,0.0,40.0,3.0,77.0,75.0,Sand,POINT (114.98005 -30.22514167),0.2877512384882448
231,C1009,-30.22985667,114.9836183,16/04/2021,09:55:35,Jurien,,Moderate,Top,0.0,100.0,2.12698412698413,0.888856886264663,0.0,100.0,0.0,0.0,0.0,0.0,0.0,77.0,77.0,SAV,POINT (114.9836183 -30.22985667),0.18089463382518572
232,C1011,-30.23408333,114.9955517,16/04/2021,10:25:15,Jurien,,Good,Top,0.0,100.0,2.86567164179104,0.814555509726655,0.0,73.0,27.0,0.0,0.0,0.0,13.0,79.0,70.0,SAV,POINT (114.9955517 -30.23408333),0.13340426797415714
233,C1022,-30.23380167,115.0016133,16/04/2021,10:34:59,Jurien,,Moderate,Top,0.0,100.0,0.0,0.0,0.0,0.0,0.0,0.0,0.0,100.0,0.0,69.0,69.0,Sand,POINT (115.0016133 -30.23380167),0.6403889307376769
234,C1015,-30.25186167,115.0007817,16/04/2021,11:03:27,Jurien,,Moderate,Top,0.0,100.0,0.172413793103448,0.381038794105574,0.0,0.0,0.0,0.0,0.0,100.0,0.0,78.0,78.0,Sand,POINT (115.0007817 -30.25186167),0.18276121929519257
235,C1039,-30.25838167,115.0365917,16/04/2021,12:24:20,Jurien,,Good,Top,0.0,100.0,2.96923076923077,0.248069469178417,0.0,1.0,97.0,0.0,0.0,1.0,0.0,79.0,79.0,SAV,POINT (115.0365917 -30.25838167),0.14287049800767113
236,C1055,-30.268645,115.0356367,16/04/2021,12:34:52,Jurien,,Moderate,Top,0.0,100.0,1.94,0.239897937482095,21.0,64.0,0.0,3.0,0.0,12.0,7.0,77.0,72.0,Sand,POINT (115.0356367 -30.268645),0.12346148945964092
237,C1060,-30.276985,115.0362533,16/04/2021,12:51:45,Jurien,,Moderate,Top,0.0,100.0,0.8,0.405095746833467,0.0,4.0,0.0,0.0,0.0,96.0,0.0,76.0,76.0,Sand,POINT (115.0362533 -30.276985),0.6922324969551991
238,C1002,-30.28036667,115.0412667,16/04/2021,13:00:31,Jurien,,Moderate,Top,0.0,100.0,0.516129032258065,0.625617974056345,0.0,4.0,0.0,0.0,0.0,96.0,0.0,75.0,75.0,Sand,POINT (115.0412667 -30.28036667),0.7915654618704152
239,C1017,-30.29496,115.0390583,16/04/2021,13:32:51,Jurien,,Moderate,Top,0.0,100.0,0.0,0.0,0.0,0.0,0.0,0.0,0.0,100.0,0.0,59.0,59.0,Sand,POINT (115.0390583 -30.29496),0.9807579193624996
240,C1061,-30.28090667,115.02074,16/04/2021,13:50:24,Jurien,,Moderate,Top,0.0,100.0,0.275,0.452202586776303,0.0,26.0,0.0,0.0,0.0,74.0,12.0,64.0,57.0,Sand,POINT (115.02074 -30.28090667),0.6398104122643393
241,C1053,-30.283545,115.0176733,16/04/2021,13:57:22,Jurien,,Moderate,Top,0.0,100.0,0.225,0.42290206176626,0.0,4.0,0.0,0.0,0.0,96.0,0.0,72.0,72.0,Sand,POINT (115.0176733 -30.283545),0.9773144085816792
242,C1021,-30.28966667,115.01509,16/04/2021,14:05:05,Jurien,,Moderate,Top,0.0,100.0,1.0,0.0,0.0,18.0,0.0,0.0,0.0,82.0,0.0,71.0,71.0,Sand,POINT (115.01509 -30.28966667),0.908966811414822
243,C1033,-30.29722333,115.0139867,16/04/2021,14:12:55,Jurien,,Moderate,Top,0.0,100.0,0.208333333333333,0.410414079086058,0.0,3.0,0.0,0.0,0.0,97.0,0.0,72.0,72.0,Sand,POINT (115.0139867 -30.29722333),0.6881615505572747
244,C1049,-30.29614167,115.01113,16/04/2021,14:19:37,Jurien,,Moderate,Top,0.0,100.0,0.0,0.0,0.0,0.0,0.0,0.0,0.0,100.0,0.0,77.0,77.0,Sand,POINT (115.01113 -30.29614167),0.9883605110826298
245,C1006,-30.29445667,115.0038433,16/04/2021,14:27:31,Jurien,,Moderate,Top,0.0,100.0,0.951219512195122,1.11694269128266,0.0,50.0,0.0,0.0,0.0,50.0,0.0,78.0,78.0,Sand,POINT (115.0038433 -30.29445667),0.25530668764633635
246,C1014,-30.28052667,115.00956,16/04/2021,14:47:40,Jurien,,Moderate,Top,0.0,100.0,3.0,0.0,0.0,0.0,100.0,0.0,0.0,0.0,0.0,80.0,80.0,SAV,POINT (115.00956 -30.28052667),0.2727272222966704
247,C1029,-30.276285,115.0081483,16/04/2021,14:55:56,Jurien,,Moderate,Top,0.0,100.0,3.11764705882353,1.26407788070937,0.0,97.0,3.0,0.0,0.0,0.0,12.0,76.0,68.0,SAV,POINT (115.0081483 -30.276285),0.15048916907962373
248,C1115,-29.61921,114.8660983,17/04/2021,07:28:01,Freshwater,,Moderate,Bottom,0.0,100.0,2.74418604651163,0.75885324686454,0.0,90.0,0.0,0.0,0.0,10.0,3.0,65.0,63.0,SAV,POINT (114.8660983 -29.61921),0.23759078227617117
249,C1139,-29.61935,114.8818383,17/04/2021,07:38:58,Freshwater,,Moderate,Bottom,0.0,100.0,1.125,0.647975149887552,0.0,17.0,0.0,0.0,0.0,83.0,6.0,68.0,64.0,Sand,POINT (114.8818383 -29.61935),0.2769762516337927
250,C1111,-29.61109167,114.884385,17/04/2021,07:48:04,Freshwater,,Moderate,Bottom,0.0,100.0,3.0,0.0,0.0,100.0,0.0,0.0,0.0,0.0,26.0,49.0,39.0,SAV,POINT (114.884385 -29.61109167),0.1541355425249065
251,C1144,-29.63331333,114.8966283,17/04/2021,08:02:20,Freshwater,,Good,Bottom,0.0,100.0,3.0,0.0,0.0,100.0,0.0,0.0,0.0,0.0,3.0,77.0,75.0,SAV,POINT (114.8966283 -29.63331333),0.1467359594550742
252,C1152,-29.63782,114.9161467,17/04/2021,08:27:59,Freshwater,,Moderate,Top,0.0,100.0,2.40909090909091,0.583421416887378,3.0,88.0,0.0,0.0,0.0,9.0,6.0,68.0,64.0,SAV,POINT (114.9161467 -29.63782),0.24739498921120803
253,C1116,-29.65019,114.9259833,17/04/2021,08:38:37,Freshwater,,Moderate,Top,0.0,100.0,1.47826086956522,0.690865172077981,0.0,36.0,0.0,0.0,0.0,64.0,1.0,75.0,74.0,Sand,POINT (114.9259833 -29.65019),0.49259839633143215
254,C1156,-29.64803667,114.9305067,17/04/2021,08:46:26,Freshwater,,Good,Top,0.0,100.0,0.0,0.0,0.0,0.0,0.0,0.0,0.0,100.0,0.0,76.0,76.0,Sand,POINT (114.9305067 -29.64803667),0.5117166561758225
255,C1124,-29.640255,114.9316,17/04/2021,08:55:19,Freshwater,,Good,Top,0.0,100.0,0.395348837209302,0.494711791215515,0.0,4.0,0.0,0.0,0.0,96.0,0.0,80.0,80.0,Sand,POINT (114.9316 -29.640255),0.4377184596840467
256,C1140,-29.63549167,114.932415,17/04/2021,09:02:50,Freshwater,,Good,Top,0.0,100.0,0.111111111111111,0.317820863081864,0.0,1.0,0.0,0.0,0.0,99.0,0.0,79.0,79.0,Sand,POINT (114.932415 -29.63549167),0.5685011603925088
257,C1112,-29.633,114.926655,17/04/2021,09:10:23,Freshwater,,Good,Top,0.0,100.0,3.0,0.0,3.0,97.0,0.0,0.0,0.0,0.0,0.0,72.0,72.0,SAV,POINT (114.926655 -29.633),0.28363374571564076
258,C1123,-29.62003,114.9102583,17/04/2021,09:24:59,Freshwater,,Moderate,Top,0.0,100.0,0.98,0.5886685079439,5.0,32.0,0.0,0.0,0.0,63.0,5.0,79.0,75.0,Sand,POINT (114.9102583 -29.62003),0.39247956616254615
259,C1121,-29.61769667,114.921095,17/04/2021,09:34:04,Freshwater,,Moderate,Top,0.0,100.0,0.533333333333333,0.504524979109513,3.0,9.0,0.0,0.0,0.0,89.0,0.0,79.0,79.0,Sand,POINT (114.921095 -29.61769667),0.29184624952687266
260,C1137,-29.60843833,114.9161633,17/04/2021,09:45:05,Freshwater,,Moderate,Top,0.0,100.0,2.3265306122449,0.554818104653859,0.0,93.0,0.0,0.0,0.0,7.0,4.0,72.0,69.0,SAV,POINT (114.9161633 -29.60843833),0.26818899899473864
261,C1114,-29.60111167,114.91982,17/04/2021,09:53:57,Freshwater,,Moderate,Top,0.0,100.0,1.76595744680851,1.08773330245989,0.0,53.0,0.0,0.0,0.0,47.0,0.0,77.0,77.0,Sand,POINT (114.91982 -29.60111167),0.38434690747018263
262,C1109,-29.60660833,114.9296367,17/04/2021,10:02:50,Freshwater,,Good,Top,0.0,100.0,0.214285714285714,0.415299732236633,0.0,0.0,0.0,0.0,0.0,100.0,8.0,79.0,73.0,Sand,POINT (114.9296367 -29.60660833),0.40966207316718295
263,C1149,-29.61295167,114.93555,17/04/2021,10:11:40,Freshwater,,Moderate,Top,0.0,100.0,3.0,0.0,3.0,97.0,0.0,0.0,0.0,0.0,5.0,68.0,65.0,SAV,POINT (114.93555 -29.61295167),0.18288532907264596
264,C1133,-29.61715333,114.9345633,17/04/2021,10:19:59,Freshwater,,Moderate,Top,0.0,100.0,3.0,0.0,2.0,98.0,0.0,0.0,0.0,0.0,37.0,74.0,54.0,SAV,POINT (114.9345633 -29.61715333),0.09016290203481821
265,C1130,-29.62281,114.9439067,17/04/2021,10:30:26,Freshwater,,Good,Top,0.0,100.0,0.066666666666667,0.252262489554756,0.0,1.0,0.0,0.0,0.0,99.0,0.0,80.0,80.0,Sand,POINT (114.9439067 -29.62281),0.49925347553752253
266,C1134,-29.62563333,114.9469267,17/04/2021,10:39:25,Freshwater,,Good,Top,0.0,100.0,2.92,0.27404751561787,0.0,4.0,96.0,0.0,0.0,0.0,7.0,72.0,67.0,SAV,POINT (114.9469267 -29.62563333),0.3208161013969272
267,C1146,-29.62768333,114.9544083,17/04/2021,10:47:48,Freshwater,,Moderate,Top,0.0,100.0,2.78947368421053,0.452644692938195,0.0,0.0,97.0,0.0,0.0,3.0,7.0,77.0,72.0,SAV,POINT (114.9544083 -29.62768333),0.2755045374180888
268,C1148,-29.63357167,114.95575,17/04/2021,10:56:06,Freshwater,,Moderate,Top,0.0,100.0,3.0,0.0,10.0,43.0,47.0,0.0,0.0,0.0,22.0,71.0,58.0,SAV,POINT (114.95575 -29.63357167),0.149562066953157
269,C1120,-29.64035167,114.9592067,17/04/2021,11:04:21,Freshwater,,Good,Top,0.0,100.0,2.88333333333333,0.415450201656585,31.0,31.0,39.0,0.0,0.0,0.0,4.0,78.0,75.0,SAV,POINT (114.9592067 -29.64035167),0.027317016935028596
270,C1132,-29.64121,114.95114,17/04/2021,11:12:20,Freshwater,,Moderate,Top,0.0,100.0,2.70212765957447,0.507118613044894,0.0,61.0,38.0,0.0,0.0,1.0,13.0,80.0,71.0,SAV,POINT (114.95114 -29.64121),0.16883271933878738
271,C1108,-29.63505167,114.9489733,17/04/2021,11:20:09,Freshwater,,Moderate,Top,0.0,100.0,2.04081632653061,0.199914947901746,0.0,31.0,60.0,0.0,0.0,9.0,9.0,74.0,68.0,SAV,POINT (114.9489733 -29.63505167),0.2279458446316613
272,C1113,-29.62359167,114.9576317,17/04/2021,11:30:32,Freshwater,,Good,Top,0.0,100.0,0.05,0.220721427863152,0.0,0.0,0.0,0.0,0.0,100.0,0.0,79.0,79.0,Sand,POINT (114.9576317 -29.62359167),0.7174293165905872
273,C1118,-29.61921167,114.9570683,17/04/2021,11:38:12,Freshwater,,Good,Top,0.0,100.0,1.72,0.572855361593241,0.0,0.0,73.0,0.0,0.0,27.0,1.0,78.0,77.0,Sand,POINT (114.9570683 -29.61921167),0.591123527695985
274,C1110,-29.61542333,114.9555117,17/04/2021,11:45:20,Freshwater,,Good,Top,0.0,100.0,2.38333333333333,0.613179174927665,0.0,22.0,58.0,0.0,0.0,20.0,5.0,80.0,76.0,SAV,POINT (114.9555117 -29.61542333),0.3403362721740556
275,C1153,-29.618425,114.9655733,17/04/2021,11:54:23,Freshwater,,Good,Top,0.0,100.0,3.0,0.0,0.0,1.0,99.0,0.0,0.0,0.0,18.0,80.0,68.0,SAV,POINT (114.9655733 -29.618425),0.019981246923823172
276,C1157,-29.61612167,114.9679033,17/04/2021,12:02:53,Freshwater,,Good,Top,0.0,100.0,3.0,0.0,0.0,0.0,100.0,0.0,0.0,0.0,0.0,79.0,79.0,SAV,POINT (114.9679033 -29.61612167),0.020406251137200848
277,C1150,-29.60561,114.9505817,17/04/2021,12:14:53,Freshwater,,Moderate,Top,0.0,100.0,3.0,0.0,0.0,1.0,99.0,0.0,0.0,0.0,15.0,78.0,68.0,SAV,POINT (114.9505817 -29.60561),0.2509341683223787
278,C1102,-29.604805,114.960545,17/04/2021,12:24:49,Freshwater,,Moderate,Top,0.0,100.0,3.0,0.0,0.0,15.0,85.0,0.0,0.0,0.0,0.0,71.0,71.0,SAV,POINT (114.960545 -29.604805),0.04604827132799267
279,C1107,-29.601305,114.9695233,17/04/2021,12:35:58,Freshwater,,Good,Top,0.0,100.0,2.5,0.677630927178938,36.0,3.0,61.0,0.0,0.0,0.0,5.0,67.0,64.0,Sand,POINT (114.9695233 -29.601305),0.08081981273475683
280,C1104,-29.593925,114.9705517,17/04/2021,12:46:19,Freshwater,,Good,Top,0.0,100.0,3.0,0.0,7.0,0.0,93.0,0.0,0.0,0.0,0.0,74.0,74.0,SAV,POINT (114.9705517 -29.593925),0.12451435840975546
281,C1147,-29.592925,114.9585817,17/04/2021,12:56:47,Freshwater,,Good,Top,0.0,100.0,3.0,0.0,1.0,99.0,0.0,0.0,0.0,0.0,18.0,80.0,68.0,SAV,POINT (114.9585817 -29.592925),0.25057937067295616
282,C1131,-29.59055,114.9519283,17/04/2021,13:12:02,Freshwater,,Moderate,Top,0.0,100.0,2.875,0.333711906235957,18.0,69.0,12.0,0.0,0.0,0.0,20.0,78.0,65.0,Sand,POINT (114.9519283 -29.59055),0.2029306778914374
283,C1119,-29.582885,114.9615133,17/04/2021,13:21:30,Freshwater,,Moderate,Top,0.0,100.0,3.0,0.0,16.0,69.0,14.0,0.0,0.0,1.0,0.0,77.0,77.0,Sand,POINT (114.9615133 -29.582885),0.09263287926127357
284,C1135,-29.57744,114.9685667,17/04/2021,13:29:29,Freshwater,,Moderate,Top,1.25,98.75,3.0,0.0,10.0,28.0,62.0,0.0,0.0,0.0,12.0,67.0,60.0,SAV,POINT (114.9685667 -29.57744),0.08971730229057849
285,C1129,-29.56654833,114.965235,17/04/2021,13:38:47,Freshwater,,Moderate,Top,0.0,100.0,1.9,0.303045763365663,0.0,24.0,52.0,0.0,0.0,24.0,10.0,78.0,71.0,SAV,POINT (114.965235 -29.56654833),0.24317399125408118
286,C1145,-29.56171167,114.969155,17/04/2021,13:46:10,Freshwater,,Good,Top,0.0,100.0,2.9,0.303045763365663,0.0,1.0,99.0,0.0,0.0,0.0,6.0,75.0,71.0,SAV,POINT (114.969155 -29.56171167),0.17184482599301548
287,C1105,-29.56565833,114.960225,17/04/2021,13:54:41,Freshwater,,Moderate,Top,0.0,100.0,1.78181818181818,0.6855900159962,0.0,23.0,47.0,0.0,0.0,31.0,4.0,78.0,75.0,SAV,POINT (114.960225 -29.56565833),0.4842749402408032
288,C1101,-29.56796333,114.951835,17/04/2021,14:02:48,Freshwater,,Moderate,Top,0.0,100.0,3.0,0.0,0.0,100.0,0.0,0.0,0.0,0.0,0.0,70.0,70.0,SAV,POINT (114.951835 -29.56796333),0.2895983794388959
289,C1103,-29.57497667,114.9550617,17/04/2021,14:11:06,Freshwater,,Moderate,Top,0.0,100.0,0.898305084745763,0.781133465884943,0.0,0.0,24.0,0.0,0.0,76.0,3.0,80.0,78.0,Sand,POINT (114.9550617 -29.57497667),0.8865239545793603
290,C1158,-29.57772667,114.9487883,17/04/2021,14:18:41,Freshwater,,Moderate,Top,0.0,100.0,2.09090909090909,0.674199862463242,0.0,77.0,0.0,0.0,0.0,23.0,7.0,79.0,74.0,Sand,POINT (114.9487883 -29.57772667),0.4439367668112229
291,C1142,-29.59072,114.9368567,17/04/2021,14:29:18,Freshwater,,Moderate,Top,0.0,100.0,2.96610169491525,0.182520824972938,0.0,1.0,97.0,0.0,0.0,1.0,3.0,79.0,77.0,SAV,POINT (114.9368567 -29.59072),0.30241439555438304
292,C1126,-29.59676333,114.930835,17/04/2021,14:37:30,Freshwater,,Good,Top,0.0,100.0,0.0,0.0,0.0,0.0,0.0,0.0,0.0,100.0,0.0,80.0,80.0,Sand,POINT (114.930835 -29.59676333),0.3301433157612417
293,C1143,-29.59317667,114.9074783,17/04/2021,14:50:20,Freshwater,,Moderate,Top,0.0,100.0,3.0,0.0,0.0,99.0,0.0,0.0,0.0,1.0,1.0,71.0,70.0,SAV,POINT (114.9074783 -29.59317667),0.17978783198764228
294,C1122,-29.58419667,114.9141833,17/04/2021,14:59:54,Freshwater,,Moderate,Top,0.0,100.0,1.07142857142857,0.491122009440984,0.0,26.0,0.0,0.0,0.0,74.0,1.0,79.0,78.0,Sand,POINT (114.9141833 -29.58419667),0.3371904991742473
295,C1154,-29.57228,114.93618,17/04/2021,15:19:36,Freshwater,,Moderate,Top,0.0,100.0,3.0,0.0,0.0,100.0,0.0,0.0,0.0,0.0,14.0,79.0,69.0,SAV,POINT (114.93618 -29.57228),0.2104719983797544
296,C1117,-29.56967333,114.9322067,17/04/2021,15:26:56,Freshwater,,Moderate,Top,0.0,100.0,0.0,0.0,0.0,0.0,0.0,0.0,0.0,100.0,0.0,75.0,75.0,Sand,POINT (114.9322067 -29.56967333),0.5233229294952392
297,C122,-28.66825833,113.7495417,21/04/2021,07:09:42,Easter Island,Abrolhos,Moderate,Bottom,0.0,100.0,1.27777777777778,1.41976169494752,0.0,16.0,0.0,0.0,0.0,84.0,9.0,76.0,70.0,Sand,POINT (113.7495417 -28.66825833),0.0
298,C151,-28.63497667,113.7302167,21/04/2021,07:30:05,Easter Island,Abrolhos,Good,Bottom,0.0,100.0,0.975,0.158113883008419,0.0,17.0,0.0,0.0,0.0,83.0,3.0,62.0,60.0,Sand,POINT (113.7302167 -28.63497667),0.0
299,C153,-28.62485833,113.7138383,21/04/2021,07:42:39,Easter Island,Abrolhos,Moderate,Bottom,0.0,100.0,0.86046511627907,0.467077812872719,0.0,11.0,0.0,0.0,0.0,89.0,7.0,60.0,56.0,Sand,POINT (113.7138383 -28.62485833),0.0
300,C164,-28.62114833,113.7123717,21/04/2021,07:51:20,Easter Island,Abrolhos,Good,Bottom,0.0,100.0,0.815789473684211,0.392859452063192,0.0,2.0,0.0,0.0,0.0,98.0,0.0,62.0,62.0,Sand,POINT (113.7123717 -28.62114833),0.0
301,C137,-28.62417833,113.6943533,21/04/2021,08:04:04,Easter Island,Abrolhos,Good,Bottom,0.0,100.0,0.973684210526316,0.162221421130763,0.0,24.0,0.0,0.0,0.0,76.0,0.0,58.0,58.0,Sand,POINT (113.6943533 -28.62417833),0.0
302,C109,-28.643595,113.68535,21/04/2021,08:19:37,Easter Island,Abrolhos,Good,Bottom,1.25,98.75,2.45283018867925,0.889382623722102,0.0,79.0,0.0,0.0,0.0,21.0,4.0,75.0,72.0,Sand,POINT (113.68535 -28.643595),0.0
303,C102,-28.65240333,113.67594,21/04/2021,08:31:01,Easter Island,Abrolhos,Moderate,Bottom,0.0,100.0,2.97727272727273,0.150755672288882,6.0,94.0,0.0,0.0,0.0,0.0,0.0,50.0,50.0,SAV,POINT (113.67594 -28.65240333),0.0
304,C145,-28.64113167,113.6631733,21/04/2021,08:43:15,Easter Island,Abrolhos,Moderate,Bottom,2.5,97.5,3.0,0.0,0.0,98.0,0.0,2.0,0.0,0.0,3.0,65.0,63.0,SAV,POINT (113.6631733 -28.64113167),0.0
305,C161,-28.64647833,113.6469267,21/04/2021,08:55:34,Easter Island,Abrolhos,Good,Bottom,0.0,100.0,1.0,0.0,13.0,71.0,0.0,0.0,0.0,16.0,10.0,68.0,62.0,Sand,POINT (113.6469267 -28.64647833),0.0
306,C113,-28.66803167,113.6529917,21/04/2021,09:15:20,Easter Island,Abrolhos,Good,Bottom,0.0,100.0,3.0,0.0,0.0,100.0,0.0,0.0,0.0,0.0,0.0,64.0,64.0,SAV,POINT (113.6529917 -28.66803167),0.0
307,C129,-28.66275,113.6637783,21/04/2021,09:29:36,Easter Island,Abrolhos,Good,Bottom,0.0,100.0,0.0,0.0,0.0,0.0,0.0,0.0,0.0,100.0,0.0,63.0,63.0,Sand,POINT (113.6637783 -28.66275),0.0
308,C125,-28.67442667,113.6678383,21/04/2021,09:51:46,Easter Island,Abrolhos,Good,Bottom,0.0,100.0,0.0,0.0,0.0,0.0,0.0,0.0,0.0,100.0,0.0,65.0,65.0,Sand,POINT (113.6678383 -28.67442667),0.0
309,C141,-28.67732,113.67327,21/04/2021,10:01:28,Easter Island,Abrolhos,Moderate,Bottom,0.0,100.0,3.0,0.0,0.0,100.0,0.0,0.0,0.0,0.0,5.0,68.0,65.0,SAV,POINT (113.67327 -28.67732),0.0
310,C157,-28.69342333,113.6816533,21/04/2021,10:15:36,Easter Island,Abrolhos,Moderate,Bottom,0.0,100.0,3.0,0.0,0.0,100.0,0.0,0.0,0.0,0.0,0.0,67.0,67.0,SAV,POINT (113.6816533 -28.69342333),0.0
311,C111,-28.70678,113.66787,21/04/2021,10:28:25,Easter Island,Abrolhos,Moderate,Bottom,0.0,100.0,2.42857142857143,0.828078671210825,0.0,81.0,0.0,0.0,0.0,19.0,0.0,72.0,72.0,SAV,POINT (113.66787 -28.70678),0.0
312,C139,-28.70555333,113.6907367,21/04/2021,10:41:05,Easter Island,Abrolhos,Moderate,Bottom,0.0,100.0,2.81538461538462,0.80801275694423,0.0,73.0,0.0,0.0,0.0,27.0,4.0,80.0,77.0,Sand,POINT (113.6907367 -28.70555333),0.0
313,C155,-28.70271833,113.699075,21/04/2021,10:49:55,Easter Island,Abrolhos,Moderate,Bottom,0.0,100.0,3.0,0.0,0.0,95.0,5.0,0.0,0.0,0.0,0.0,64.0,64.0,SAV,POINT (113.699075 -28.70271833),0.0
314,C107,-28.69966,113.7006667,21/04/2021,10:57:24,Easter Island,Abrolhos,Good,Bottom,0.0,100.0,3.0,0.0,0.0,100.0,0.0,0.0,0.0,0.0,1.0,73.0,72.0,SAV,POINT (113.7006667 -28.69966),0.0
315,C148,-28.70466667,113.720065,21/04/2021,11:08:58,Easter Island,Abrolhos,Moderate,Bottom,0.0,100.0,3.0,0.0,0.0,100.0,0.0,0.0,0.0,0.0,0.0,54.0,54.0,SAV,POINT (113.720065 -28.70466667),0.0
316,C132,-28.70259,113.7237883,21/04/2021,11:16:56,Easter Island,Abrolhos,Moderate,Bottom,3.75,96.25,3.0,0.0,0.0,100.0,0.0,0.0,0.0,0.0,44.0,62.0,43.0,SAV,POINT (113.7237883 -28.70259),0.0
317,C116,-28.703925,113.728585,21/04/2021,11:24:50,Easter Island,Abrolhos,Moderate,Bottom,0.0,100.0,2.53846153846154,0.505035373756076,0.0,0.0,92.0,0.0,0.0,8.0,19.0,63.0,53.0,SAV,POINT (113.728585 -28.703925),0.0
318,C144,-28.70461167,113.7483533,21/04/2021,11:40:23,Easter Island,Abrolhos,Moderate,Bottom,0.0,100.0,2.675,0.474341649025257,0.0,93.0,0.0,0.0,0.0,7.0,3.0,63.0,61.0,SAV,POINT (113.7483533 -28.70461167),0.0
319,C147,-28.71005167,113.7559867,21/04/2021,11:50:38,Easter Island,Abrolhos,Moderate,Bottom,0.0,100.0,0.5,0.506369683541833,0.0,2.0,0.0,0.0,0.0,98.0,0.0,62.0,62.0,Sand,POINT (113.7559867 -28.71005167),0.0
320,C112,-28.71192833,113.7578167,21/04/2021,11:57:05,Easter Island,Abrolhos,Moderate,Bottom,0.0,100.0,0.525,0.505736325340815,0.0,2.0,0.0,0.0,0.0,98.0,3.0,61.0,59.0,Sand,POINT (113.7578167 -28.71192833),0.0
321,C115,-28.71144167,113.7702833,21/04/2021,12:06:29,Easter Island,Abrolhos,Moderate,Bottom,0.0,100.0,0.0,0.0,0.0,0.0,0.0,0.0,0.0,100.0,0.0,64.0,64.0,Sand,POINT (113.7702833 -28.71144167),0.0
322,C131,-28.706035,113.771805,21/04/2021,12:15:18,Easter Island,Abrolhos,Moderate,Bottom,0.0,100.0,1.9,0.744208407535251,0.0,74.0,4.0,0.0,0.0,23.0,7.0,61.0,57.0,Sand,POINT (113.771805 -28.706035),0.0
323,C136,-28.70408167,113.769245,21/04/2021,12:29:32,Easter Island,Abrolhos,Moderate,Bottom,0.0,100.0,0.875,0.334932063528542,0.0,13.0,0.0,0.0,0.0,87.0,0.0,60.0,60.0,Sand,POINT (113.769245 -28.70408167),0.0
324,C156,-28.69938333,113.75273,21/04/2021,12:51:42,Easter Island,Abrolhos,Moderate,Bottom,0.0,100.0,1.0,0.0,0.0,0.0,0.0,0.0,0.0,100.0,9.0,76.0,70.0,Sand,POINT (113.75273 -28.69938333),0.0
325,C160,-28.69750333,113.7420267,21/04/2021,13:01:50,Easter Island,Abrolhos,Good,Bottom,0.0,100.0,0.083333333333333,0.279310193865464,0.0,2.0,0.0,0.0,0.0,98.0,0.0,62.0,62.0,Sand,POINT (113.7420267 -28.69750333),0.0
326,C128,-28.69641667,113.7460133,21/04/2021,13:09:47,Easter Island,Abrolhos,Good,Bottom,0.0,100.0,0.025,0.158113883008419,0.0,0.0,0.0,0.0,0.0,100.0,0.0,64.0,64.0,Sand,POINT (113.7460133 -28.69641667),0.0
327,C150,-28.68822,113.7509317,21/04/2021,13:22:15,Easter Island,Abrolhos,Moderate,Bottom,0.0,100.0,1.96296296296296,1.67064514668721,0.0,39.0,0.0,0.0,0.0,61.0,0.0,75.0,75.0,Sand,POINT (113.7509317 -28.68822),0.0
328,C110,-28.69096667,113.7529017,21/04/2021,13:31:37,Easter Island,Abrolhos,Moderate,Bottom,0.0,100.0,3.0,0.0,0.0,100.0,0.0,0.0,0.0,0.0,0.0,80.0,80.0,SAV,POINT (113.7529017 -28.69096667),0.0
329,C106,-28.685385,113.7424983,21/04/2021,13:43:11,Easter Island,Abrolhos,Moderate,Bottom,3.79746835443038,96.2025316455696,2.59322033898305,0.64643969417099,2.0,85.0,0.0,0.0,0.0,13.0,11.0,69.0,62.0,SAV,POINT (113.7424983 -28.685385),0.0
330,C138,-28.68309667,113.7237233,21/04/2021,13:55:44,Easter Island,Abrolhos,Moderate,Bottom,0.0,100.0,1.46341463414634,0.710547710418159,0.0,32.0,0.0,0.0,0.0,68.0,3.0,67.0,65.0,Sand,POINT (113.7237233 -28.68309667),0.0
331,C134,-28.67432167,113.7173283,21/04/2021,14:06:27,Easter Island,Abrolhos,Moderate,Bottom,1.25,98.75,3.3728813559322,0.785609912078985,0.0,100.0,0.0,0.0,0.0,0.0,21.0,70.0,58.0,SAV,POINT (113.7173283 -28.67432167),0.0
332,C105,-28.68613,113.708885,21/04/2021,14:16:25,Easter Island,Abrolhos,Moderate,Bottom,1.25,98.75,2.85714285714286,0.353553390593274,0.0,100.0,0.0,0.0,0.0,0.0,2.0,66.0,65.0,SAV,POINT (113.708885 -28.68613),0.0
333,C149,-28.68302,113.699475,21/04/2021,14:24:50,Easter Island,Abrolhos,Moderate,Bottom,0.0,100.0,3.0,0.0,0.0,100.0,0.0,0.0,0.0,0.0,5.0,65.0,62.0,SAV,POINT (113.699475 -28.68302),0.0
334,C101,-28.67043333,113.6892767,21/04/2021,14:34:43,Easter Island,Abrolhos,Moderate,Bottom,0.0,100.0,2.4468085106383,0.973753621153012,0.0,100.0,0.0,0.0,0.0,0.0,0.0,55.0,55.0,SAV,POINT (113.6892767 -28.67043333),0.0
335,C117,-28.66088667,113.6977167,21/04/2021,14:44:29,Easter Island,Abrolhos,Good,Bottom,0.0,100.0,0.0,0.0,0.0,0.0,0.0,0.0,0.0,100.0,0.0,71.0,71.0,Sand,POINT (113.6977167 -28.66088667),0.0
336,C133,-28.66535,113.714095,21/04/2021,14:56:06,Easter Island,Abrolhos,Good,Bottom,0.0,100.0,3.02898550724638,0.168994821775317,0.0,100.0,0.0,0.0,0.0,0.0,3.0,79.0,77.0,SAV,POINT (113.714095 -28.66535),0.0
337,C121,-28.65376167,113.7142717,21/04/2021,15:06:52,Easter Island,Abrolhos,Good,Bottom,2.5,97.5,1.0,0.0,0.0,95.0,0.0,5.0,0.0,0.0,8.0,66.0,61.0,SAV,POINT (113.7142717 -28.65376167),0.0
338,C135,-28.65653833,113.7221433,21/04/2021,15:15:50,Easter Island,Abrolhos,Good,Bottom,0.0,100.0,1.68888888888889,1.48969524373005,0.0,55.0,0.0,0.0,0.0,45.0,0.0,67.0,67.0,Sand,POINT (113.7221433 -28.65653833),0.0
339,C154,-28.67905667,113.7626733,21/04/2021,15:36:30,Easter Island,Abrolhos,Good,Bottom,0.0,100.0,3.60975609756098,1.13749832484465,12.0,0.0,0.0,0.0,65.0,23.0,5.0,63.0,60.0,Sand,POINT (113.7626733 -28.67905667),0.0
340,C142,-28.68607667,113.7647367,21/04/2021,15:49:23,Easter Island,Abrolhos,Moderate,Bottom,0.0,100.0,3.1063829787234,0.311660528333906,13.0,87.0,0.0,0.0,0.0,0.0,23.0,64.0,52.0,SAV,POINT (113.7647367 -28.68607667),0.0
341,C162,-28.69155167,113.7649717,21/04/2021,15:59:01,Easter Island,Abrolhos,Moderate,Bottom,0.0,100.0,0.957446808510638,0.204029708888579,2.0,24.0,0.0,0.0,0.0,75.0,4.0,57.0,55.0,Sand,POINT (113.7649717 -28.69155167),0.0
342,C146,-28.692405,113.762905,21/04/2021,16:09:13,Easter Island,Abrolhos,Good,Bottom,0.0,100.0,1.02380952380952,0.517408893269061,3.0,0.0,0.0,2.0,0.0,95.0,10.0,65.0,59.0,Sand,POINT (113.762905 -28.692405),0.0
343,C130,-28.69304333,113.7639267,21/04/2021,16:16:55,Easter Island,Abrolhos,Moderate,Bottom,0.0,100.0,1.9,0.900142438870877,11.0,66.0,0.0,0.0,0.0,23.0,28.0,60.0,47.0,Sand,POINT (113.7639267 -28.69304333),0.0
344,C127,-28.69511667,113.7700783,21/04/2021,16:30:50,Easter Island,Abrolhos,Moderate,Bottom,0.0,100.0,0.95,0.220721427863152,6.0,0.0,0.0,0.0,0.0,94.0,15.0,71.0,62.0,Sand,POINT (113.7700783 -28.69511667),0.0
345,C108,-28.69677333,113.76865,21/04/2021,16:38:40,Easter Island,Abrolhos,Moderate,Bottom,0.0,100.0,1.63265306122449,1.33375843563437,6.0,0.0,0.0,0.0,33.0,61.0,43.0,70.0,49.0,Sand,POINT (113.76865 -28.69677333),0.0
346,C143,-28.69702833,113.771,21/04/2021,16:46:33,Easter Island,Abrolhos,Moderate,Bottom,0.0,100.0,1.0,0.0,0.0,0.0,0.0,0.0,0.0,100.0,2.0,63.0,62.0,Sand,POINT (113.771 -28.69702833),0.0
347,C256,-28.437105,113.6883667,22/04/2021,06:58:37,Wallabi Island,Abrolhos,Good,Top,0.0,100.0,0.62,0.725342987130634,0.0,11.0,0.0,0.0,0.0,89.0,7.0,80.0,75.0,Sand,POINT (113.6883667 -28.437105),0.0
348,C240,-28.43905667,113.6938917,22/04/2021,07:06:47,Wallabi Island,Abrolhos,Good,Top,0.0,100.0,0.02,0.14142135623731,0.0,1.0,0.0,0.0,0.0,99.0,0.0,80.0,80.0,Sand,POINT (113.6938917 -28.43905667),0.0
349,C213,-28.43375,113.7017133,22/04/2021,07:15:07,Wallabi Island,Abrolhos,Good,Top,0.0,100.0,0.0,0.0,0.0,0.0,0.0,0.0,0.0,100.0,0.0,80.0,80.0,Sand,POINT (113.7017133 -28.43375),0.0
350,C238,-28.42691333,113.7050483,22/04/2021,07:23:09,Wallabi Island,Abrolhos,Moderate,Top,0.0,100.0,3.0,0.0,0.0,100.0,0.0,0.0,0.0,0.0,0.0,74.0,74.0,SAV,POINT (113.7050483 -28.42691333),0.0
351,C220,-28.42461667,113.7124183,22/04/2021,07:31:07,Wallabi Island,Abrolhos,Moderate,Top,0.0,100.0,2.01851851851852,0.879338103149519,0.0,58.0,19.0,0.0,0.0,23.0,21.0,75.0,62.0,Sand,POINT (113.7124183 -28.42461667),0.0
352,C203,-28.4169,113.7048133,22/04/2021,07:41:32,Wallabi Island,Abrolhos,Good,Top,0.0,100.0,0.033333333333333,0.181020334719393,0.0,0.0,0.0,0.0,0.0,100.0,0.0,80.0,80.0,Sand,POINT (113.7048133 -28.4169),0.0
353,C205,-28.41365667,113.7076133,22/04/2021,07:50:02,Wallabi Island,Abrolhos,Good,Top,0.0,100.0,0.0,0.0,0.0,0.0,0.0,0.0,0.0,100.0,0.0,80.0,80.0,Sand,POINT (113.7076133 -28.41365667),0.0
354,C232,-28.40560667,113.7136467,22/04/2021,07:59:34,Wallabi Island,Abrolhos,Good,Top,0.0,100.0,0.142857142857143,0.352453688425121,0.0,0.0,0.0,0.0,0.0,100.0,0.0,80.0,80.0,Sand,POINT (113.7136467 -28.40560667),0.0
355,C245,-28.39655333,113.7047433,22/04/2021,08:11:27,Wallabi Island,Abrolhos,Good,Top,0.0,100.0,0.071428571428571,0.259398891052157,0.0,1.0,0.0,0.0,0.0,99.0,0.0,80.0,80.0,Sand,POINT (113.7047433 -28.39655333),0.0
356,C214,-28.409755,113.700605,22/04/2021,08:22:31,Wallabi Island,Abrolhos,Good,Top,0.0,100.0,2.73684210526316,0.720275636462322,0.0,97.0,0.0,0.0,0.0,3.0,3.0,74.0,72.0,SAV,POINT (113.700605 -28.409755),0.0
357,C207,-28.41184667,113.6931283,22/04/2021,08:31:08,Wallabi Island,Abrolhos,Good,Top,0.0,100.0,0.0,0.0,0.0,1.0,0.0,0.0,0.0,99.0,0.0,80.0,80.0,Sand,POINT (113.6931283 -28.41184667),0.0
358,C241,-28.41564333,113.6763917,22/04/2021,08:42:18,Wallabi Island,Abrolhos,Good,Top,0.0,100.0,0.0,0.0,0.0,0.0,0.0,0.0,0.0,100.0,0.0,80.0,80.0,Sand,POINT (113.6763917 -28.41564333),0.0
359,C237,-28.39623833,113.6821617,22/04/2021,08:55:42,Wallabi Island,Abrolhos,Good,Top,0.0,100.0,1.05,0.746176695573474,0.0,15.0,0.0,0.0,0.0,85.0,0.0,80.0,80.0,Sand,POINT (113.6821617 -28.39623833),0.0
360,C258,-28.39555,113.656925,22/04/2021,09:07:42,Wallabi Island,Abrolhos,Good,Top,0.0,100.0,1.13559322033898,0.681216637744155,0.0,39.0,0.0,0.0,0.0,61.0,0.0,80.0,80.0,Sand,POINT (113.656925 -28.39555),0.0
361,C242,-28.39432667,113.650655,22/04/2021,09:21:54,Wallabi Island,Abrolhos,Good,Top,0.0,100.0,0.766666666666667,0.426521868085099,0.0,6.0,0.0,0.0,0.0,94.0,0.0,80.0,80.0,Sand,POINT (113.650655 -28.39432667),0.0
362,C212,-28.381585,113.6429883,22/04/2021,09:32:32,Wallabi Island,Abrolhos,Good,Top,0.0,100.0,0.818181818181818,0.840874965182522,0.0,5.0,0.0,0.0,0.0,95.0,0.0,80.0,80.0,Sand,POINT (113.6429883 -28.381585),0.0
363,C254,-28.39018333,113.6352433,22/04/2021,09:43:24,Wallabi Island,Abrolhos,Good,Top,0.0,100.0,2.55555555555556,0.924849129290657,0.0,70.0,0.0,0.0,0.0,30.0,1.0,75.0,74.0,Sand,POINT (113.6352433 -28.39018333),0.0
364,C243,-28.4169,113.6069017,22/04/2021,09:59:40,Wallabi Island,Abrolhos,Moderate,Top,0.0,100.0,3.0,0.0,0.0,100.0,0.0,0.0,0.0,0.0,9.0,75.0,69.0,SAV,POINT (113.6069017 -28.4169),0.0
365,C259,-28.42822,113.60407,22/04/2021,10:08:57,Wallabi Island,Abrolhos,Good,Top,0.0,100.0,2.67241379310345,0.632120658992973,0.0,69.0,24.0,0.0,0.0,7.0,4.0,73.0,70.0,SAV,POINT (113.60407 -28.42822),0.0
366,C236,-28.44607,113.6343383,22/04/2021,10:24:24,Wallabi Island,Abrolhos,Moderate,Top,0.0,100.0,2.6,0.596284793999944,0.0,0.0,75.0,0.0,0.0,25.0,29.0,76.0,59.0,Sand,POINT (113.6343383 -28.44607),0.0
367,C215,-28.42085167,113.6317733,22/04/2021,10:37:27,Wallabi Island,Abrolhos,Moderate,Top,0.0,100.0,1.9,1.44621071207788,0.0,59.0,0.0,0.0,0.0,41.0,0.0,80.0,80.0,Sand,POINT (113.6317733 -28.42085167),0.0
368,C226,-28.424115,113.6495917,22/04/2021,10:49:47,Wallabi Island,Abrolhos,Moderate,Top,0.0,100.0,3.0,0.0,0.0,93.0,7.0,0.0,0.0,0.0,43.0,80.0,56.0,SAV,POINT (113.6495917 -28.424115),0.0
369,C211,-28.41806667,113.65175,22/04/2021,10:59:01,Wallabi Island,Abrolhos,Moderate,Top,0.0,100.0,1.48484848484848,1.38388999387651,0.0,17.0,0.0,0.0,0.0,83.0,5.0,80.0,76.0,Sand,POINT (113.65175 -28.41806667),0.0
370,C257,-28.41997,113.67311,22/04/2021,11:17:30,Wallabi Island,Abrolhos,Good,Top,0.0,100.0,0.016666666666667,0.129099444873581,0.0,0.0,0.0,0.0,0.0,100.0,0.0,80.0,80.0,Sand,POINT (113.67311 -28.41997),0.0
371,C210,-28.422925,113.67652,22/04/2021,11:25:22,Wallabi Island,Abrolhos,Good,Top,0.0,100.0,0.0,0.0,0.0,1.0,0.0,0.0,0.0,99.0,0.0,80.0,80.0,Sand,POINT (113.67652 -28.422925),0.0
372,C253,-28.40858333,113.6816883,22/04/2021,11:37:43,Wallabi Island,Abrolhos,Moderate,Top,0.0,100.0,1.03333333333333,1.0078785685982,0.0,26.0,0.0,0.0,0.0,74.0,0.0,81.0,81.0,Sand,POINT (113.6816883 -28.40858333),0.0
373,C229,-28.40680667,113.6870667,22/04/2021,11:46:52,Wallabi Island,Abrolhos,Moderate,Top,0.0,100.0,0.066666666666667,0.251548874293232,0.0,4.0,0.0,0.0,0.0,96.0,0.0,80.0,80.0,Sand,POINT (113.6870667 -28.40680667),0.0
374,C250,-28.418455,113.695055,22/04/2021,12:05:50,Wallabi Island,Abrolhos,Good,Top,0.0,100.0,0.971428571428571,0.239045721866879,0.0,5.0,0.0,0.0,0.0,95.0,0.0,80.0,80.0,Sand,POINT (113.695055 -28.418455),0.0
375,C222,-28.42366833,113.6953467,22/04/2021,12:15:29,Wallabi Island,Abrolhos,Good,Top,0.0,100.0,0.033333333333333,0.181020334719393,0.0,0.0,0.0,0.0,0.0,100.0,0.0,80.0,80.0,Sand,POINT (113.6953467 -28.42366833),0.0
376,C218,-28.42956833,113.6943333,22/04/2021,12:31:31,Wallabi Island,Abrolhos,Good,Top,0.0,100.0,0.0,0.0,0.0,1.0,0.0,0.0,0.0,99.0,0.0,80.0,80.0,Sand,POINT (113.6943333 -28.42956833),0.0
377,C234,-28.43103333,113.6885983,22/04/2021,12:39:59,Wallabi Island,Abrolhos,Moderate,Top,0.0,100.0,1.15,0.577105577392584,0.0,61.0,0.0,0.0,0.0,39.0,29.0,80.0,62.0,Sand,POINT (113.6885983 -28.43103333),0.0
378,C225,-28.4278,113.6726633,22/04/2021,12:52:58,Wallabi Island,Abrolhos,Moderate,Top,0.0,100.0,2.82,0.437525509460387,1.0,95.0,0.0,0.0,0.0,4.0,4.0,80.0,77.0,SAV,POINT (113.6726633 -28.4278),0.0
379,C260,-28.43442833,113.6754767,22/04/2021,13:01:46,Wallabi Island,Abrolhos,Good,Top,0.0,100.0,2.12903225806452,1.29922891340755,0.0,71.0,0.0,0.0,0.0,29.0,0.0,80.0,80.0,Sand,POINT (113.6754767 -28.43442833),0.0
380,C202,-28.43783833,113.68175,22/04/2021,13:10:00,Wallabi Island,Abrolhos,Moderate,Top,0.0,100.0,3.0,0.0,0.0,0.0,100.0,0.0,0.0,0.0,0.0,75.0,75.0,SAV,POINT (113.68175 -28.43783833),0.0
381,C233,-28.44465833,113.66957,22/04/2021,13:32:22,Wallabi Island,Abrolhos,Good,Top,0.0,100.0,1.06,1.0956313993608,0.0,0.0,21.0,0.0,0.0,79.0,8.0,71.0,66.0,Sand,POINT (113.66957 -28.44465833),0.0
382,C221,-28.44202167,113.66667,22/04/2021,13:40:03,Wallabi Island,Abrolhos,Moderate,Top,0.0,100.0,2.5952380952381,0.627014754932929,0.0,85.0,10.0,0.0,0.0,5.0,0.0,61.0,61.0,SAV,POINT (113.66667 -28.44202167),0.0
383,C206,-28.43525833,113.6686217,22/04/2021,13:53:45,Wallabi Island,Abrolhos,Moderate,Top,0.0,100.0,3.0,0.0,0.0,100.0,0.0,0.0,0.0,0.0,0.0,77.0,77.0,SAV,POINT (113.6686217 -28.43525833),0.0
384,C209,-28.43587667,113.6551183,22/04/2021,14:05:46,Wallabi Island,Abrolhos,Good,Top,0.0,100.0,2.96825396825397,0.176731431771302,0.0,100.0,0.0,0.0,0.0,0.0,3.0,80.0,78.0,SAV,POINT (113.6551183 -28.43587667),0.0
385,C247,-28.39340167,113.6082383,22/04/2021,14:38:59,Wallabi Island,Abrolhos,Moderate,Top,0.0,100.0,3.0,0.0,0.0,100.0,0.0,0.0,0.0,0.0,0.0,80.0,80.0,SAV,POINT (113.6082383 -28.39340167),0.0
386,C231,-28.39103,113.6166283,22/04/2021,14:49:42,Wallabi Island,Abrolhos,Moderate,Top,0.0,100.0,2.78333333333333,0.613179174927665,0.0,84.0,0.0,0.0,0.0,16.0,0.0,80.0,80.0,SAV,POINT (113.6166283 -28.39103),0.0
387,C251,-28.38639167,113.6023033,22/04/2021,14:59:41,Wallabi Island,Abrolhos,Moderate,Top,0.0,100.0,2.94915254237288,0.221571877771722,0.0,100.0,0.0,0.0,0.0,0.0,0.0,68.0,68.0,SAV,POINT (113.6023033 -28.38639167),0.0
388,C230,-28.38368333,113.5779033,22/04/2021,15:13:36,Wallabi Island,Abrolhos,Moderate,Top,1.25,98.75,3.0,0.0,0.0,100.0,0.0,0.0,0.0,0.0,14.0,80.0,70.0,SAV,POINT (113.5779033 -28.38368333),0.0
389,C208,-28.364085,113.5855467,22/04/2021,15:25:00,Wallabi Island,Abrolhos,Good,Top,0.0,100.0,0.0,0.0,0.0,1.0,0.0,0.0,0.0,99.0,0.0,80.0,80.0,Sand,POINT (113.5855467 -28.364085),0.0
390,C255,-28.348225,113.6015,22/04/2021,15:53:45,Wallabi Island,Abrolhos,Good,Top,0.0,100.0,1.25862068965517,0.441701051064854,0.0,57.0,0.0,0.0,0.0,43.0,0.0,75.0,75.0,Sand,POINT (113.6015 -28.348225),0.0
391,C219,-28.34593167,113.6045017,22/04/2021,16:01:25,Wallabi Island,Abrolhos,Moderate,Top,0.0,100.0,2.73015873015873,0.652695384326366,0.0,89.0,0.0,0.0,0.0,11.0,0.0,70.0,70.0,SAV,POINT (113.6045017 -28.34593167),0.0
392,C204,-28.33803333,113.601715,22/04/2021,16:10:17,Wallabi Island,Abrolhos,Good,Top,0.0,100.0,0.2,0.403375587271689,0.0,0.0,1.0,0.0,0.0,99.0,0.0,80.0,80.0,Sand,POINT (113.601715 -28.33803333),0.0
393,C339,-28.19644167,114.2278367,24/04/2021,09:40:14,Port Gregory,,Moderate,Top,0.0,100.0,2.42592592592593,0.767299893447781,0.0,15.0,42.0,0.0,0.0,44.0,23.0,76.0,62.0,Sand,POINT (114.2278367 -28.19644167),0.0
394,C359,-28.17501333,114.2279383,24/04/2021,10:19:00,Port Gregory,,Moderate,Top,0.0,100.0,0.584905660377358,0.569546454651248,0.0,12.0,0.0,0.0,0.0,88.0,0.0,76.0,76.0,Sand,POINT (114.2279383 -28.17501333),0.0
395,C331,-28.179425,114.22216,24/04/2021,10:26:47,Port Gregory,,Moderate,Top,0.0,100.0,2.98181818181818,0.134839972492648,0.0,100.0,0.0,0.0,0.0,0.0,0.0,78.0,78.0,SAV,POINT (114.22216 -28.179425),0.0
396,C355,-28.18628333,114.2236317,24/04/2021,10:35:27,Port Gregory,,Moderate,Top,0.0,100.0,1.21739130434783,0.41702882811415,0.0,89.0,0.0,0.0,0.0,11.0,19.0,74.0,62.0,SAV,POINT (114.2236317 -28.18628333),0.0
397,C308,-28.18743167,114.2317083,24/04/2021,10:43:53,Port Gregory,,Moderate,Top,0.0,100.0,0.4,0.687551650952329,0.0,14.0,0.0,0.0,0.0,86.0,0.0,79.0,79.0,Sand,POINT (114.2317083 -28.18743167),0.0
398,C319,-28.18974667,114.2391383,24/04/2021,10:55:38,Port Gregory,,Good,Top,0.0,100.0,1.83636363636364,0.37335497772755,0.0,0.0,94.0,0.0,0.0,6.0,11.0,70.0,63.0,SAV,POINT (114.2391383 -28.18974667),0.0
399,C304,-28.19067833,114.24428,24/04/2021,11:07:32,Port Gregory,,Good,Top,0.0,100.0,0.035087719298246,0.185637153830276,13.0,0.0,21.0,0.0,0.0,66.0,1.0,72.0,71.0,Sand,POINT (114.24428 -28.19067833),0.0
400,C335,-28.19396167,114.2508883,24/04/2021,11:18:58,Port Gregory,,Good,Top,0.0,100.0,0.04,0.197948663722157,0.0,0.0,0.0,0.0,0.0,100.0,0.0,80.0,80.0,Sand,POINT (114.2508883 -28.19396167),0.0
401,C351,-28.19686833,114.255585,24/04/2021,11:31:26,Port Gregory,,Good,Top,0.0,100.0,0.5,0.504878164297401,0.0,2.0,17.0,0.0,0.0,82.0,6.0,70.0,66.0,Sand,POINT (114.255585 -28.19686833),0.0
402,C346,-28.19833667,114.2578083,24/04/2021,11:38:51,Port Gregory,,Good,Top,0.0,100.0,0.666666666666667,0.476731294622796,0.0,0.0,55.0,0.0,0.0,45.0,4.0,70.0,67.0,Sand,POINT (114.2578083 -28.19833667),0.0
403,C362,-28.19528667,114.2462917,24/04/2021,11:59:11,Port Gregory,,Moderate,Top,0.0,100.0,1.66666666666667,0.70510647511063,1.0,68.0,0.0,0.0,0.0,31.0,0.0,75.0,75.0,Sand,POINT (114.2462917 -28.19528667),0.0
404,C303,-28.22737833,114.3145767,24/04/2021,12:58:26,Port Gregory,,Moderate,Top,0.0,100.0,0.0,0.0,0.0,0.0,0.0,0.0,0.0,100.0,0.0,71.0,71.0,Sand,POINT (114.3145767 -28.22737833),0.0
405,C337,-28.24266667,114.3237767,24/04/2021,13:15:58,Port Gregory,,Moderate,Top,0.0,100.0,3.0,0.0,0.0,0.0,100.0,0.0,0.0,0.0,1.0,72.0,71.0,SAV,POINT (114.3237767 -28.24266667),0.0
406,C350,-28.23296333,114.2804867,24/04/2021,14:53:20,Port Gregory,,Moderate,Top,0.0,100.0,2.76,0.624663174545013,0.0,0.0,81.0,0.0,0.0,19.0,26.0,72.0,57.0,SAV,POINT (114.2804867 -28.23296333),0.0
407,C340,-28.2318,114.27789,24/04/2021,15:00:49,Port Gregory,,Moderate,Top,0.0,100.0,2.92452830188679,0.266678761215811,0.0,0.0,97.0,0.0,0.0,3.0,4.0,74.0,71.0,SAV,POINT (114.27789 -28.2318),0.0
